DATE,LAT,LON,T2M
01-01-2016,28.5,77.5,16.25
02-01-2016,28.5,77.5,15.19
03-01-2016,28.5,77.5,15.4
04-01-2016,28.5,77.5,17.38
05-01-2016,28.5,77.5,20.21
06-01-2016,28.5,77.5,18.48
07-01-2016,28.5,77.5,18.62
08-01-2016,28.5,77.5,18.51
09-01-2016,28.5,77.5,15.17
10-01-2016,28.5,77.5,16.05
11-01-2016,28.5,77.5,17.89
12-01-2016,28.5,77.5,16.95
13-01-2016,28.5,77.5,16.19
14-01-2016,28.5,77.5,14.41
15-01-2016,28.5,77.5,13.27
16-01-2016,28.5,77.5,12.97
17-01-2016,28.5,77.5,13.87
18-01-2016,28.5,77.5,14.03
19-01-2016,28.5,77.5,12.98
20-01-2016,28.5,77.5,11.59
21-01-2016,28.5,77.5,11.56
22-01-2016,28.5,77.5,12.98
23-01-2016,28.5,77.5,14.34
24-01-2016,28.5,77.5,12.66
25-01-2016,28.5,77.5,12.03
26-01-2016,28.5,77.5,15.72
27-01-2016,28.5,77.5,16.46
28-01-2016,28.5,77.5,16.48
29-01-2016,28.5,77.5,18.63
30-01-2016,28.5,77.5,19.67
31-01-2016,28.5,77.5,18.39
01-02-2016,28.5,77.5,15.44
02-02-2016,28.5,77.5,13.84
03-02-2016,28.5,77.5,13.88
04-02-2016,28.5,77.5,14.71
05-02-2016,28.5,77.5,15.78
06-02-2016,28.5,77.5,17.16
07-02-2016,28.5,77.5,16.03
08-02-2016,28.5,77.5,15.74
09-02-2016,28.5,77.5,16.59
10-02-2016,28.5,77.5,17.39
11-02-2016,28.5,77.5,17.11
12-02-2016,28.5,77.5,16.49
13-02-2016,28.5,77.5,17.22
14-02-2016,28.5,77.5,16.3
15-02-2016,28.5,77.5,15.17
16-02-2016,28.5,77.5,16.69
17-02-2016,28.5,77.5,19.2
18-02-2016,28.5,77.5,22.32
19-02-2016,28.5,77.5,23.37
20-02-2016,28.5,77.5,22.49
21-02-2016,28.5,77.5,20.32
22-02-2016,28.5,77.5,19.71
23-02-2016,28.5,77.5,19.83
24-02-2016,28.5,77.5,22.19
25-02-2016,28.5,77.5,21.83
26-02-2016,28.5,77.5,22.23
27-02-2016,28.5,77.5,22.84
28-02-2016,28.5,77.5,23.43
29-02-2016,28.5,77.5,23.55
01-03-2016,28.5,77.5,24.24
02-03-2016,28.5,77.5,25.88
03-03-2016,28.5,77.5,25.29
04-03-2016,28.5,77.5,25.73
05-03-2016,28.5,77.5,24.77
06-03-2016,28.5,77.5,24.55
07-03-2016,28.5,77.5,23.32
08-03-2016,28.5,77.5,23.3
09-03-2016,28.5,77.5,22.59
10-03-2016,28.5,77.5,24.77
11-03-2016,28.5,77.5,26.65
12-03-2016,28.5,77.5,25.6
13-03-2016,28.5,77.5,22.86
14-03-2016,28.5,77.5,22.82
15-03-2016,28.5,77.5,21.01
16-03-2016,28.5,77.5,21.04
17-03-2016,28.5,77.5,23.53
18-03-2016,28.5,77.5,26.09
19-03-2016,28.5,77.5,26.95
20-03-2016,28.5,77.5,26.45
21-03-2016,28.5,77.5,24.13
22-03-2016,28.5,77.5,22.95
23-03-2016,28.5,77.5,24.07
24-03-2016,28.5,77.5,26.9
25-03-2016,28.5,77.5,27.68
26-03-2016,28.5,77.5,25.27
27-03-2016,28.5,77.5,25.3
28-03-2016,28.5,77.5,24.82
29-03-2016,28.5,77.5,26.22
30-03-2016,28.5,77.5,28.14
31-03-2016,28.5,77.5,29.93
01-04-2016,28.5,77.5,30.18
02-04-2016,28.5,77.5,31.86
03-04-2016,28.5,77.5,33.83
04-04-2016,28.5,77.5,31.22
05-04-2016,28.5,77.5,30.98
06-04-2016,28.5,77.5,30.37
07-04-2016,28.5,77.5,30.46
08-04-2016,28.5,77.5,28.78
09-04-2016,28.5,77.5,30.51
10-04-2016,28.5,77.5,30.48
11-04-2016,28.5,77.5,29.73
12-04-2016,28.5,77.5,29.02
13-04-2016,28.5,77.5,30.48
14-04-2016,28.5,77.5,31.74
15-04-2016,28.5,77.5,33.1
16-04-2016,28.5,77.5,34.36
17-04-2016,28.5,77.5,34.63
18-04-2016,28.5,77.5,34.16
19-04-2016,28.5,77.5,33.88
20-04-2016,28.5,77.5,33.78
21-04-2016,28.5,77.5,33.15
22-04-2016,28.5,77.5,34.07
23-04-2016,28.5,77.5,31.17
24-04-2016,28.5,77.5,30.87
25-04-2016,28.5,77.5,31.71
26-04-2016,28.5,77.5,33.84
27-04-2016,28.5,77.5,33.73
28-04-2016,28.5,77.5,33.14
29-04-2016,28.5,77.5,33.64
30-04-2016,28.5,77.5,33.52
01-05-2016,28.5,77.5,34.45
02-05-2016,28.5,77.5,36.02
03-05-2016,28.5,77.5,35.43
04-05-2016,28.5,77.5,33.72
05-05-2016,28.5,77.5,32.62
06-05-2016,28.5,77.5,31.04
07-05-2016,28.5,77.5,30.77
08-05-2016,28.5,77.5,33.28
09-05-2016,28.5,77.5,34.49
10-05-2016,28.5,77.5,34.95
11-05-2016,28.5,77.5,34.53
12-05-2016,28.5,77.5,34.9
13-05-2016,28.5,77.5,36.57
14-05-2016,28.5,77.5,37.12
15-05-2016,28.5,77.5,36.86
16-05-2016,28.5,77.5,36.98
17-05-2016,28.5,77.5,37.14
18-05-2016,28.5,77.5,38.09
19-05-2016,28.5,77.5,38.61
20-05-2016,28.5,77.5,38.41
21-05-2016,28.5,77.5,38.79
22-05-2016,28.5,77.5,39.53
23-05-2016,28.5,77.5,37.5
24-05-2016,28.5,77.5,35.11
25-05-2016,28.5,77.5,34.42
26-05-2016,28.5,77.5,35.22
27-05-2016,28.5,77.5,37.3
28-05-2016,28.5,77.5,36.88
29-05-2016,28.5,77.5,34.27
30-05-2016,28.5,77.5,32.51
31-05-2016,28.5,77.5,34.26
01-06-2016,28.5,77.5,35.57
02-06-2016,28.5,77.5,36.5
03-06-2016,28.5,77.5,36.58
04-06-2016,28.5,77.5,38.08
05-06-2016,28.5,77.5,38.71
06-06-2016,28.5,77.5,38.12
07-06-2016,28.5,77.5,36.36
08-06-2016,28.5,77.5,37.61
09-06-2016,28.5,77.5,38.5
10-06-2016,28.5,77.5,39.4
11-06-2016,28.5,77.5,38.47
12-06-2016,28.5,77.5,37.79
13-06-2016,28.5,77.5,37.5
14-06-2016,28.5,77.5,35.95
15-06-2016,28.5,77.5,34.94
16-06-2016,28.5,77.5,34.4
17-06-2016,28.5,77.5,35.96
18-06-2016,28.5,77.5,36.06
19-06-2016,28.5,77.5,36.02
20-06-2016,28.5,77.5,36.09
21-06-2016,28.5,77.5,34.99
22-06-2016,28.5,77.5,34.52
23-06-2016,28.5,77.5,35.78
24-06-2016,28.5,77.5,37.54
25-06-2016,28.5,77.5,36.76
26-06-2016,28.5,77.5,35.5
27-06-2016,28.5,77.5,35.24
28-06-2016,28.5,77.5,33.28
29-06-2016,28.5,77.5,34.91
30-06-2016,28.5,77.5,36.85
01-07-2016,28.5,77.5,35.08
02-07-2016,28.5,77.5,33.07
03-07-2016,28.5,77.5,31.92
04-07-2016,28.5,77.5,30.63
05-07-2016,28.5,77.5,34.09
06-07-2016,28.5,77.5,35.44
07-07-2016,28.5,77.5,34.52
08-07-2016,28.5,77.5,35.07
09-07-2016,28.5,77.5,34.07
10-07-2016,28.5,77.5,33.09
11-07-2016,28.5,77.5,32.45
12-07-2016,28.5,77.5,31.47
13-07-2016,28.5,77.5,32.3
14-07-2016,28.5,77.5,30.98
15-07-2016,28.5,77.5,31.13
16-07-2016,28.5,77.5,29.36
17-07-2016,28.5,77.5,27.96
18-07-2016,28.5,77.5,28.25
19-07-2016,28.5,77.5,29.67
20-07-2016,28.5,77.5,30.61
21-07-2016,28.5,77.5,31.01
22-07-2016,28.5,77.5,28.68
23-07-2016,28.5,77.5,29.71
24-07-2016,28.5,77.5,29.19
25-07-2016,28.5,77.5,30.2
26-07-2016,28.5,77.5,28.64
27-07-2016,28.5,77.5,27.72
28-07-2016,28.5,77.5,27.71
29-07-2016,28.5,77.5,28.38
30-07-2016,28.5,77.5,28.08
31-07-2016,28.5,77.5,28.4
01-08-2016,28.5,77.5,28.1
02-08-2016,28.5,77.5,27.89
03-08-2016,28.5,77.5,28.7
04-08-2016,28.5,77.5,28.77
05-08-2016,28.5,77.5,29.94
06-08-2016,28.5,77.5,29.48
07-08-2016,28.5,77.5,29.03
08-08-2016,28.5,77.5,29.16
09-08-2016,28.5,77.5,28.79
10-08-2016,28.5,77.5,28.26
11-08-2016,28.5,77.5,28.01
12-08-2016,28.5,77.5,28.36
13-08-2016,28.5,77.5,28.9
14-08-2016,28.5,77.5,28.88
15-08-2016,28.5,77.5,29.09
16-08-2016,28.5,77.5,29
17-08-2016,28.5,77.5,28.52
18-08-2016,28.5,77.5,28.39
19-08-2016,28.5,77.5,29.15
20-08-2016,28.5,77.5,28.86
21-08-2016,28.5,77.5,28.33
22-08-2016,28.5,77.5,28.61
23-08-2016,28.5,77.5,28.85
24-08-2016,28.5,77.5,27.68
25-08-2016,28.5,77.5,29.1
26-08-2016,28.5,77.5,29.71
27-08-2016,28.5,77.5,28.92
28-08-2016,28.5,77.5,28.47
29-08-2016,28.5,77.5,28.7
30-08-2016,28.5,77.5,28.75
31-08-2016,28.5,77.5,27.44
01-09-2016,28.5,77.5,28.03
02-09-2016,28.5,77.5,27.62
03-09-2016,28.5,77.5,27.23
04-09-2016,28.5,77.5,27.07
05-09-2016,28.5,77.5,27.31
06-09-2016,28.5,77.5,27.37
07-09-2016,28.5,77.5,27.34
08-09-2016,28.5,77.5,27.87
09-09-2016,28.5,77.5,28.12
10-09-2016,28.5,77.5,28.22
11-09-2016,28.5,77.5,28.44
12-09-2016,28.5,77.5,28.76
13-09-2016,28.5,77.5,29.05
14-09-2016,28.5,77.5,29.64
15-09-2016,28.5,77.5,29.34
16-09-2016,28.5,77.5,29.48
17-09-2016,28.5,77.5,29.8
18-09-2016,28.5,77.5,29.52
19-09-2016,28.5,77.5,30.11
20-09-2016,28.5,77.5,31.05
21-09-2016,28.5,77.5,30.66
22-09-2016,28.5,77.5,28.19
23-09-2016,28.5,77.5,28.97
24-09-2016,28.5,77.5,28.67
25-09-2016,28.5,77.5,29.14
26-09-2016,28.5,77.5,29.41
27-09-2016,28.5,77.5,28.73
28-09-2016,28.5,77.5,29.75
29-09-2016,28.5,77.5,29.23
30-09-2016,28.5,77.5,30.22
01-10-2016,28.5,77.5,30.97
02-10-2016,28.5,77.5,31.1
03-10-2016,28.5,77.5,31.15
04-10-2016,28.5,77.5,30.71
05-10-2016,28.5,77.5,29.39
06-10-2016,28.5,77.5,28.73
07-10-2016,28.5,77.5,28.66
08-10-2016,28.5,77.5,28.65
09-10-2016,28.5,77.5,28.5
10-10-2016,28.5,77.5,28
11-10-2016,28.5,77.5,26.85
12-10-2016,28.5,77.5,25.75
13-10-2016,28.5,77.5,25.84
14-10-2016,28.5,77.5,25.37
15-10-2016,28.5,77.5,25.09
16-10-2016,28.5,77.5,25.54
17-10-2016,28.5,77.5,25.7
18-10-2016,28.5,77.5,25.02
19-10-2016,28.5,77.5,25.35
20-10-2016,28.5,77.5,25.16
21-10-2016,28.5,77.5,25.17
22-10-2016,28.5,77.5,25.15
23-10-2016,28.5,77.5,23.98
24-10-2016,28.5,77.5,24.08
25-10-2016,28.5,77.5,24.3
26-10-2016,28.5,77.5,24.35
27-10-2016,28.5,77.5,23.2
28-10-2016,28.5,77.5,22.45
29-10-2016,28.5,77.5,24.08
30-10-2016,28.5,77.5,22.33
31-10-2016,28.5,77.5,21.58
01-11-2016,28.5,77.5,21.64
02-11-2016,28.5,77.5,21.87
03-11-2016,28.5,77.5,22.15
04-11-2016,28.5,77.5,21.96
05-11-2016,28.5,77.5,20.66
06-11-2016,28.5,77.5,20.58
07-11-2016,28.5,77.5,20.64
08-11-2016,28.5,77.5,19.26
09-11-2016,28.5,77.5,19.8
10-11-2016,28.5,77.5,20.64
11-11-2016,28.5,77.5,21.19
12-11-2016,28.5,77.5,21.22
13-11-2016,28.5,77.5,21.59
14-11-2016,28.5,77.5,20.5
15-11-2016,28.5,77.5,19.55
16-11-2016,28.5,77.5,18.74
17-11-2016,28.5,77.5,18.28
18-11-2016,28.5,77.5,17.7
19-11-2016,28.5,77.5,19.71
20-11-2016,28.5,77.5,21.41
21-11-2016,28.5,77.5,21.27
22-11-2016,28.5,77.5,20.3
23-11-2016,28.5,77.5,19.98
24-11-2016,28.5,77.5,20.18
25-11-2016,28.5,77.5,21.61
26-11-2016,28.5,77.5,21.49
27-11-2016,28.5,77.5,21.06
28-11-2016,28.5,77.5,20.44
29-11-2016,28.5,77.5,20.11
30-11-2016,28.5,77.5,19.56
01-12-2016,28.5,77.5,19.51
02-12-2016,28.5,77.5,17.79
03-12-2016,28.5,77.5,17.72
04-12-2016,28.5,77.5,17.43
05-12-2016,28.5,77.5,17.28
06-12-2016,28.5,77.5,18.71
07-12-2016,28.5,77.5,19.21
08-12-2016,28.5,77.5,18.91
09-12-2016,28.5,77.5,18.93
10-12-2016,28.5,77.5,19.54
11-12-2016,28.5,77.5,19.28
12-12-2016,28.5,77.5,18.29
13-12-2016,28.5,77.5,18.49
14-12-2016,28.5,77.5,17.54
15-12-2016,28.5,77.5,15.88
16-12-2016,28.5,77.5,15.83
17-12-2016,28.5,77.5,15.15
18-12-2016,28.5,77.5,14.95
19-12-2016,28.5,77.5,14.98
20-12-2016,28.5,77.5,15.97
21-12-2016,28.5,77.5,15.95
22-12-2016,28.5,77.5,15.46
23-12-2016,28.5,77.5,17.09
24-12-2016,28.5,77.5,17.03
25-12-2016,28.5,77.5,14.45
26-12-2016,28.5,77.5,14.39
27-12-2016,28.5,77.5,14.7
28-12-2016,28.5,77.5,16.76
29-12-2016,28.5,77.5,15.5
30-12-2016,28.5,77.5,13.57
31-12-2016,28.5,77.5,13.23
01-01-2017,28.5,77.5,15.17
02-01-2017,28.5,77.5,15.8
03-01-2017,28.5,77.5,16.3
04-01-2017,28.5,77.5,16.93
05-01-2017,28.5,77.5,18.44
06-01-2017,28.5,77.5,17.2
07-01-2017,28.5,77.5,15.58
08-01-2017,28.5,77.5,13.5
09-01-2017,28.5,77.5,11.92
10-01-2017,28.5,77.5,9.9
11-01-2017,28.5,77.5,8.86
12-01-2017,28.5,77.5,9.59
13-01-2017,28.5,77.5,10.85
14-01-2017,28.5,77.5,11.08
15-01-2017,28.5,77.5,14.65
16-01-2017,28.5,77.5,14.13
17-01-2017,28.5,77.5,10.98
18-01-2017,28.5,77.5,12.63
19-01-2017,28.5,77.5,12.7
20-01-2017,28.5,77.5,11.94
21-01-2017,28.5,77.5,13.7
22-01-2017,28.5,77.5,16.84
23-01-2017,28.5,77.5,16.7
24-01-2017,28.5,77.5,16.88
25-01-2017,28.5,77.5,18.97
26-01-2017,28.5,77.5,18.76
27-01-2017,28.5,77.5,14.17
28-01-2017,28.5,77.5,14.06
29-01-2017,28.5,77.5,15.38
30-01-2017,28.5,77.5,16.17
31-01-2017,28.5,77.5,16.11
01-02-2017,28.5,77.5,15.22
02-02-2017,28.5,77.5,15.28
03-02-2017,28.5,77.5,16.28
04-02-2017,28.5,77.5,17.67
05-02-2017,28.5,77.5,18.29
06-02-2017,28.5,77.5,15.54
07-02-2017,28.5,77.5,14.09
08-02-2017,28.5,77.5,15.8
09-02-2017,28.5,77.5,14.74
10-02-2017,28.5,77.5,14.08
11-02-2017,28.5,77.5,15.49
12-02-2017,28.5,77.5,15.48
13-02-2017,28.5,77.5,15.45
14-02-2017,28.5,77.5,16.17
15-02-2017,28.5,77.5,18.32
16-02-2017,28.5,77.5,20.74
17-02-2017,28.5,77.5,21.09
18-02-2017,28.5,77.5,21.32
19-02-2017,28.5,77.5,22.69
20-02-2017,28.5,77.5,23.11
21-02-2017,28.5,77.5,18.86
22-02-2017,28.5,77.5,18.59
23-02-2017,28.5,77.5,17.54
24-02-2017,28.5,77.5,17.89
25-02-2017,28.5,77.5,19.42
26-02-2017,28.5,77.5,19.67
27-02-2017,28.5,77.5,20.12
28-02-2017,28.5,77.5,22.89
01-03-2017,28.5,77.5,23.99
02-03-2017,28.5,77.5,22.3
03-03-2017,28.5,77.5,21.01
04-03-2017,28.5,77.5,19.01
05-03-2017,28.5,77.5,19.54
06-03-2017,28.5,77.5,21
07-03-2017,28.5,77.5,22.63
08-03-2017,28.5,77.5,21.96
09-03-2017,28.5,77.5,22.21
10-03-2017,28.5,77.5,20.11
11-03-2017,28.5,77.5,17.55
12-03-2017,28.5,77.5,16.89
13-03-2017,28.5,77.5,16.94
14-03-2017,28.5,77.5,18.61
15-03-2017,28.5,77.5,19.97
16-03-2017,28.5,77.5,21.46
17-03-2017,28.5,77.5,21.22
18-03-2017,28.5,77.5,22.21
19-03-2017,28.5,77.5,23.19
20-03-2017,28.5,77.5,23.29
21-03-2017,28.5,77.5,25.31
22-03-2017,28.5,77.5,27.53
23-03-2017,28.5,77.5,28.59
24-03-2017,28.5,77.5,28.29
25-03-2017,28.5,77.5,27.5
26-03-2017,28.5,77.5,29.03
27-03-2017,28.5,77.5,30.18
28-03-2017,28.5,77.5,30.81
29-03-2017,28.5,77.5,31.71
30-03-2017,28.5,77.5,32.24
31-03-2017,28.5,77.5,31.94
01-04-2017,28.5,77.5,31.51
02-04-2017,28.5,77.5,31.45
03-04-2017,28.5,77.5,31.04
04-04-2017,28.5,77.5,31.19
05-04-2017,28.5,77.5,31.9
06-04-2017,28.5,77.5,30.54
07-04-2017,28.5,77.5,27.1
08-04-2017,28.5,77.5,26.6
09-04-2017,28.5,77.5,25.85
10-04-2017,28.5,77.5,26.91
11-04-2017,28.5,77.5,28.35
12-04-2017,28.5,77.5,29.9
13-04-2017,28.5,77.5,31.22
14-04-2017,28.5,77.5,32.78
15-04-2017,28.5,77.5,33.62
16-04-2017,28.5,77.5,34.03
17-04-2017,28.5,77.5,34.95
18-04-2017,28.5,77.5,35.22
19-04-2017,28.5,77.5,35.39
20-04-2017,28.5,77.5,35.99
21-04-2017,28.5,77.5,36.12
22-04-2017,28.5,77.5,36.22
23-04-2017,28.5,77.5,34.07
24-04-2017,28.5,77.5,33.27
25-04-2017,28.5,77.5,31.99
26-04-2017,28.5,77.5,32.05
27-04-2017,28.5,77.5,32.62
28-04-2017,28.5,77.5,33.24
29-04-2017,28.5,77.5,33.86
30-04-2017,28.5,77.5,34.16
01-05-2017,28.5,77.5,32.26
02-05-2017,28.5,77.5,34.31
03-05-2017,28.5,77.5,35.01
04-05-2017,28.5,77.5,33.4
05-05-2017,28.5,77.5,34.39
06-05-2017,28.5,77.5,35.29
07-05-2017,28.5,77.5,36.92
08-05-2017,28.5,77.5,37.23
09-05-2017,28.5,77.5,37.44
10-05-2017,28.5,77.5,36.78
11-05-2017,28.5,77.5,36.34
12-05-2017,28.5,77.5,36.98
13-05-2017,28.5,77.5,37.3
14-05-2017,28.5,77.5,38.13
15-05-2017,28.5,77.5,38.07
16-05-2017,28.5,77.5,37.73
17-05-2017,28.5,77.5,35.69
18-05-2017,28.5,77.5,35.24
19-05-2017,28.5,77.5,36.74
20-05-2017,28.5,77.5,36.13
21-05-2017,28.5,77.5,36.67
22-05-2017,28.5,77.5,32.85
23-05-2017,28.5,77.5,34.53
24-05-2017,28.5,77.5,36.92
25-05-2017,28.5,77.5,37.74
26-05-2017,28.5,77.5,38.75
27-05-2017,28.5,77.5,38.73
28-05-2017,28.5,77.5,35.61
29-05-2017,28.5,77.5,33.27
30-05-2017,28.5,77.5,33.35
31-05-2017,28.5,77.5,34.7
01-06-2017,28.5,77.5,32.61
02-06-2017,28.5,77.5,34.19
03-06-2017,28.5,77.5,37.42
04-06-2017,28.5,77.5,38.85
05-06-2017,28.5,77.5,39.43
06-06-2017,28.5,77.5,38.64
07-06-2017,28.5,77.5,35.04
08-06-2017,28.5,77.5,33.15
09-06-2017,28.5,77.5,33.86
10-06-2017,28.5,77.5,35.82
11-06-2017,28.5,77.5,35.52
12-06-2017,28.5,77.5,34.71
13-06-2017,28.5,77.5,36.89
14-06-2017,28.5,77.5,38.08
15-06-2017,28.5,77.5,36.08
16-06-2017,28.5,77.5,35.18
17-06-2017,28.5,77.5,34.83
18-06-2017,28.5,77.5,35.96
19-06-2017,28.5,77.5,32.92
20-06-2017,28.5,77.5,33.31
21-06-2017,28.5,77.5,31.76
22-06-2017,28.5,77.5,31.99
23-06-2017,28.5,77.5,33.44
24-06-2017,28.5,77.5,35.01
25-06-2017,28.5,77.5,36.6
26-06-2017,28.5,77.5,36.22
27-06-2017,28.5,77.5,36.2
28-06-2017,28.5,77.5,33.36
29-06-2017,28.5,77.5,30.38
30-06-2017,28.5,77.5,31.05
01-07-2017,28.5,77.5,31.27
02-07-2017,28.5,77.5,31.76
03-07-2017,28.5,77.5,31.78
04-07-2017,28.5,77.5,32.58
05-07-2017,28.5,77.5,32.68
06-07-2017,28.5,77.5,32.17
07-07-2017,28.5,77.5,31.42
08-07-2017,28.5,77.5,32.69
09-07-2017,28.5,77.5,33.51
10-07-2017,28.5,77.5,34.2
11-07-2017,28.5,77.5,31.92
12-07-2017,28.5,77.5,29.61
13-07-2017,28.5,77.5,30.36
14-07-2017,28.5,77.5,30.65
15-07-2017,28.5,77.5,30.82
16-07-2017,28.5,77.5,31.13
17-07-2017,28.5,77.5,30.57
18-07-2017,28.5,77.5,31.64
19-07-2017,28.5,77.5,32.76
20-07-2017,28.5,77.5,29.19
21-07-2017,28.5,77.5,30.48
22-07-2017,28.5,77.5,29.48
23-07-2017,28.5,77.5,30.21
24-07-2017,28.5,77.5,28.74
25-07-2017,28.5,77.5,29.47
26-07-2017,28.5,77.5,30.61
27-07-2017,28.5,77.5,30.12
28-07-2017,28.5,77.5,30.45
29-07-2017,28.5,77.5,30.03
30-07-2017,28.5,77.5,29.87
31-07-2017,28.5,77.5,27.76
01-08-2017,28.5,77.5,28.51
02-08-2017,28.5,77.5,29.46
03-08-2017,28.5,77.5,30.28
04-08-2017,28.5,77.5,30.9
05-08-2017,28.5,77.5,31.08
06-08-2017,28.5,77.5,31.18
07-08-2017,28.5,77.5,30.08
08-08-2017,28.5,77.5,31.22
09-08-2017,28.5,77.5,30.63
10-08-2017,28.5,77.5,31.03
11-08-2017,28.5,77.5,31.34
12-08-2017,28.5,77.5,31.46
13-08-2017,28.5,77.5,31.21
14-08-2017,28.5,77.5,30.96
15-08-2017,28.5,77.5,31.84
16-08-2017,28.5,77.5,31.45
17-08-2017,28.5,77.5,31.64
18-08-2017,28.5,77.5,32.04
19-08-2017,28.5,77.5,29.2
20-08-2017,28.5,77.5,30.42
21-08-2017,28.5,77.5,30.78
22-08-2017,28.5,77.5,31.67
23-08-2017,28.5,77.5,29.54
24-08-2017,28.5,77.5,29.8
25-08-2017,28.5,77.5,30.8
26-08-2017,28.5,77.5,30.09
27-08-2017,28.5,77.5,30.54
28-08-2017,28.5,77.5,28.83
29-08-2017,28.5,77.5,29.15
30-08-2017,28.5,77.5,29.74
31-08-2017,28.5,77.5,28.17
01-09-2017,28.5,77.5,28.11
02-09-2017,28.5,77.5,27.77
03-09-2017,28.5,77.5,28.85
04-09-2017,28.5,77.5,29.55
05-09-2017,28.5,77.5,29.61
06-09-2017,28.5,77.5,29.64
07-09-2017,28.5,77.5,29.04
08-09-2017,28.5,77.5,29.13
09-09-2017,28.5,77.5,29.59
10-09-2017,28.5,77.5,30.25
11-09-2017,28.5,77.5,30.07
12-09-2017,28.5,77.5,30.13
13-09-2017,28.5,77.5,30.01
14-09-2017,28.5,77.5,29.95
15-09-2017,28.5,77.5,30.07
16-09-2017,28.5,77.5,29.12
17-09-2017,28.5,77.5,29.55
18-09-2017,28.5,77.5,29.61
19-09-2017,28.5,77.5,29.33
20-09-2017,28.5,77.5,29.16
21-09-2017,28.5,77.5,29.19
22-09-2017,28.5,77.5,26.25
23-09-2017,28.5,77.5,24.96
24-09-2017,28.5,77.5,23.94
25-09-2017,28.5,77.5,26.03
26-09-2017,28.5,77.5,26.94
27-09-2017,28.5,77.5,27.23
28-09-2017,28.5,77.5,27.75
29-09-2017,28.5,77.5,27.84
30-09-2017,28.5,77.5,27.3
01-10-2017,28.5,77.5,26.82
02-10-2017,28.5,77.5,26.97
03-10-2017,28.5,77.5,26.25
04-10-2017,28.5,77.5,26.03
05-10-2017,28.5,77.5,25.96
06-10-2017,28.5,77.5,26.06
07-10-2017,28.5,77.5,26.53
08-10-2017,28.5,77.5,28.17
09-10-2017,28.5,77.5,28.78
10-10-2017,28.5,77.5,28.22
11-10-2017,28.5,77.5,28.02
12-10-2017,28.5,77.5,27.45
13-10-2017,28.5,77.5,27.34
14-10-2017,28.5,77.5,26.87
15-10-2017,28.5,77.5,26.49
16-10-2017,28.5,77.5,26.3
17-10-2017,28.5,77.5,25.32
18-10-2017,28.5,77.5,24.76
19-10-2017,28.5,77.5,26.61
20-10-2017,28.5,77.5,27.03
21-10-2017,28.5,77.5,25.07
22-10-2017,28.5,77.5,25.98
23-10-2017,28.5,77.5,25.26
24-10-2017,28.5,77.5,23.56
25-10-2017,28.5,77.5,23.33
26-10-2017,28.5,77.5,24.23
27-10-2017,28.5,77.5,23.91
28-10-2017,28.5,77.5,23.82
29-10-2017,28.5,77.5,22.76
30-10-2017,28.5,77.5,22.91
31-10-2017,28.5,77.5,22.48
01-11-2017,28.5,77.5,22.11
02-11-2017,28.5,77.5,22.15
03-11-2017,28.5,77.5,22.78
04-11-2017,28.5,77.5,23.61
05-11-2017,28.5,77.5,23.46
06-11-2017,28.5,77.5,21.53
07-11-2017,28.5,77.5,20.47
08-11-2017,28.5,77.5,20.35
09-11-2017,28.5,77.5,20.96
10-11-2017,28.5,77.5,20.87
11-11-2017,28.5,77.5,20.77
12-11-2017,28.5,77.5,19.73
13-11-2017,28.5,77.5,20.43
14-11-2017,28.5,77.5,19.31
15-11-2017,28.5,77.5,19.54
16-11-2017,28.5,77.5,19.67
17-11-2017,28.5,77.5,19.13
18-11-2017,28.5,77.5,19.1
19-11-2017,28.5,77.5,17.95
20-11-2017,28.5,77.5,16.08
21-11-2017,28.5,77.5,15.3
22-11-2017,28.5,77.5,15.72
23-11-2017,28.5,77.5,15.84
24-11-2017,28.5,77.5,15.54
25-11-2017,28.5,77.5,16.78
26-11-2017,28.5,77.5,17.42
27-11-2017,28.5,77.5,15.53
28-11-2017,28.5,77.5,17.57
29-11-2017,28.5,77.5,18.64
30-11-2017,28.5,77.5,17.73
01-12-2017,28.5,77.5,16.81
02-12-2017,28.5,77.5,17.3
03-12-2017,28.5,77.5,17.22
04-12-2017,28.5,77.5,17.2
05-12-2017,28.5,77.5,17.87
06-12-2017,28.5,77.5,17.2
07-12-2017,28.5,77.5,17.15
08-12-2017,28.5,77.5,16.24
09-12-2017,28.5,77.5,17.15
10-12-2017,28.5,77.5,17.57
11-12-2017,28.5,77.5,16.7
12-12-2017,28.5,77.5,16.62
13-12-2017,28.5,77.5,14.44
14-12-2017,28.5,77.5,12.69
15-12-2017,28.5,77.5,12.92
16-12-2017,28.5,77.5,11.96
17-12-2017,28.5,77.5,12.6
18-12-2017,28.5,77.5,13.68
19-12-2017,28.5,77.5,14.43
20-12-2017,28.5,77.5,15.13
21-12-2017,28.5,77.5,16.56
22-12-2017,28.5,77.5,16.01
23-12-2017,28.5,77.5,14.91
24-12-2017,28.5,77.5,15.37
25-12-2017,28.5,77.5,13.87
26-12-2017,28.5,77.5,13.65
27-12-2017,28.5,77.5,15.39
28-12-2017,28.5,77.5,16.29
29-12-2017,28.5,77.5,15.06
30-12-2017,28.5,77.5,13.34
31-12-2017,28.5,77.5,12.81
01-01-2018,28.5,77.5,12.07
02-01-2018,28.5,77.5,10.98
03-01-2018,28.5,77.5,11.02
04-01-2018,28.5,77.5,12.51
05-01-2018,28.5,77.5,13.02
06-01-2018,28.5,77.5,11.71
07-01-2018,28.5,77.5,11.65
08-01-2018,28.5,77.5,11.97
09-01-2018,28.5,77.5,11.94
10-01-2018,28.5,77.5,12.56
11-01-2018,28.5,77.5,13.25
12-01-2018,28.5,77.5,15.13
13-01-2018,28.5,77.5,14.88
14-01-2018,28.5,77.5,14.12
15-01-2018,28.5,77.5,13.23
16-01-2018,28.5,77.5,14.54
17-01-2018,28.5,77.5,15.02
18-01-2018,28.5,77.5,16.6
19-01-2018,28.5,77.5,15.33
20-01-2018,28.5,77.5,13.98
21-01-2018,28.5,77.5,14.24
22-01-2018,28.5,77.5,15.6
23-01-2018,28.5,77.5,12.97
24-01-2018,28.5,77.5,12.18
25-01-2018,28.5,77.5,12.37
26-01-2018,28.5,77.5,12.95
27-01-2018,28.5,77.5,12.25
28-01-2018,28.5,77.5,13.32
29-01-2018,28.5,77.5,14.39
30-01-2018,28.5,77.5,17.75
31-01-2018,28.5,77.5,17.86
01-02-2018,28.5,77.5,18.92
02-02-2018,28.5,77.5,18.51
03-02-2018,28.5,77.5,17.51
04-02-2018,28.5,77.5,15.27
05-02-2018,28.5,77.5,15.94
06-02-2018,28.5,77.5,16.92
07-02-2018,28.5,77.5,15.37
08-02-2018,28.5,77.5,15.69
09-02-2018,28.5,77.5,15.44
10-02-2018,28.5,77.5,17.38
11-02-2018,28.5,77.5,19.17
12-02-2018,28.5,77.5,16.99
13-02-2018,28.5,77.5,16.7
14-02-2018,28.5,77.5,15.98
15-02-2018,28.5,77.5,17.39
16-02-2018,28.5,77.5,18.72
17-02-2018,28.5,77.5,19.84
18-02-2018,28.5,77.5,18.94
19-02-2018,28.5,77.5,19.66
20-02-2018,28.5,77.5,21.17
21-02-2018,28.5,77.5,23.15
22-02-2018,28.5,77.5,23.03
23-02-2018,28.5,77.5,24.59
24-02-2018,28.5,77.5,24.96
25-02-2018,28.5,77.5,23.86
26-02-2018,28.5,77.5,21.07
27-02-2018,28.5,77.5,23.31
28-02-2018,28.5,77.5,23.09
01-03-2018,28.5,77.5,23.92
02-03-2018,28.5,77.5,24.99
03-03-2018,28.5,77.5,25.05
04-03-2018,28.5,77.5,24.22
05-03-2018,28.5,77.5,21.66
06-03-2018,28.5,77.5,21.34
07-03-2018,28.5,77.5,22.04
08-03-2018,28.5,77.5,23.93
09-03-2018,28.5,77.5,24.56
10-03-2018,28.5,77.5,24.36
11-03-2018,28.5,77.5,24.4
12-03-2018,28.5,77.5,25.38
13-03-2018,28.5,77.5,27.11
14-03-2018,28.5,77.5,27.27
15-03-2018,28.5,77.5,25.5
16-03-2018,28.5,77.5,25.09
17-03-2018,28.5,77.5,23.13
18-03-2018,28.5,77.5,24.24
19-03-2018,28.5,77.5,25.99
20-03-2018,28.5,77.5,27.99
21-03-2018,28.5,77.5,27.86
22-03-2018,28.5,77.5,25.76
23-03-2018,28.5,77.5,24.56
24-03-2018,28.5,77.5,25.28
25-03-2018,28.5,77.5,26.24
26-03-2018,28.5,77.5,26.3
27-03-2018,28.5,77.5,27.67
28-03-2018,28.5,77.5,29.76
29-03-2018,28.5,77.5,28.06
30-03-2018,28.5,77.5,28.17
31-03-2018,28.5,77.5,28.24
01-04-2018,28.5,77.5,27.83
02-04-2018,28.5,77.5,29.12
03-04-2018,28.5,77.5,30.07
04-04-2018,28.5,77.5,31.96
05-04-2018,28.5,77.5,32.08
06-04-2018,28.5,77.5,31.79
07-04-2018,28.5,77.5,30.1
08-04-2018,28.5,77.5,29.74
09-04-2018,28.5,77.5,29.02
10-04-2018,28.5,77.5,29.1
11-04-2018,28.5,77.5,29.74
12-04-2018,28.5,77.5,28.01
13-04-2018,28.5,77.5,27.41
14-04-2018,28.5,77.5,28.78
15-04-2018,28.5,77.5,31.13
16-04-2018,28.5,77.5,32.55
17-04-2018,28.5,77.5,32.78
18-04-2018,28.5,77.5,32.32
19-04-2018,28.5,77.5,32.49
20-04-2018,28.5,77.5,32.8
21-04-2018,28.5,77.5,28.49
22-04-2018,28.5,77.5,28.34
23-04-2018,28.5,77.5,29.03
24-04-2018,28.5,77.5,31.23
25-04-2018,28.5,77.5,33.39
26-04-2018,28.5,77.5,34.94
27-04-2018,28.5,77.5,33.36
28-04-2018,28.5,77.5,34.82
29-04-2018,28.5,77.5,34.98
30-04-2018,28.5,77.5,35.34
01-05-2018,28.5,77.5,34.5
02-05-2018,28.5,77.5,32.92
03-05-2018,28.5,77.5,32.51
04-05-2018,28.5,77.5,32.62
05-05-2018,28.5,77.5,34.05
06-05-2018,28.5,77.5,34.8
07-05-2018,28.5,77.5,34.03
08-05-2018,28.5,77.5,31.16
09-05-2018,28.5,77.5,31.74
10-05-2018,28.5,77.5,32.91
11-05-2018,28.5,77.5,35.48
12-05-2018,28.5,77.5,37.2
13-05-2018,28.5,77.5,36.08
14-05-2018,28.5,77.5,33.58
15-05-2018,28.5,77.5,34.8
16-05-2018,28.5,77.5,35.63
17-05-2018,28.5,77.5,35.95
18-05-2018,28.5,77.5,36
19-05-2018,28.5,77.5,36.14
20-05-2018,28.5,77.5,36.41
21-05-2018,28.5,77.5,36.6
22-05-2018,28.5,77.5,37.47
23-05-2018,28.5,77.5,37.97
24-05-2018,28.5,77.5,37.66
25-05-2018,28.5,77.5,36.67
26-05-2018,28.5,77.5,37.01
27-05-2018,28.5,77.5,37.71
28-05-2018,28.5,77.5,37.03
29-05-2018,28.5,77.5,38.17
30-05-2018,28.5,77.5,35.83
31-05-2018,28.5,77.5,37.57
01-06-2018,28.5,77.5,38.2
02-06-2018,28.5,77.5,34.29
03-06-2018,28.5,77.5,35.1
04-06-2018,28.5,77.5,36.65
05-06-2018,28.5,77.5,37.67
06-06-2018,28.5,77.5,36
07-06-2018,28.5,77.5,36.18
08-06-2018,28.5,77.5,37.75
09-06-2018,28.5,77.5,36.33
10-06-2018,28.5,77.5,34.67
11-06-2018,28.5,77.5,36.28
12-06-2018,28.5,77.5,38.06
13-06-2018,28.5,77.5,38.44
14-06-2018,28.5,77.5,37.39
15-06-2018,28.5,77.5,36.77
16-06-2018,28.5,77.5,37.21
17-06-2018,28.5,77.5,35.73
18-06-2018,28.5,77.5,35.7
19-06-2018,28.5,77.5,35.72
20-06-2018,28.5,77.5,37.48
21-06-2018,28.5,77.5,38.42
22-06-2018,28.5,77.5,39.3
23-06-2018,28.5,77.5,39.85
24-06-2018,28.5,77.5,38.92
25-06-2018,28.5,77.5,38.84
26-06-2018,28.5,77.5,33.08
27-06-2018,28.5,77.5,33.59
28-06-2018,28.5,77.5,31.18
29-06-2018,28.5,77.5,33.15
30-06-2018,28.5,77.5,33.07
01-07-2018,28.5,77.5,34.34
02-07-2018,28.5,77.5,33.32
03-07-2018,28.5,77.5,32.95
04-07-2018,28.5,77.5,33.33
05-07-2018,28.5,77.5,34.01
06-07-2018,28.5,77.5,34.28
07-07-2018,28.5,77.5,34.8
08-07-2018,28.5,77.5,35.74
09-07-2018,28.5,77.5,36.15
10-07-2018,28.5,77.5,35.57
11-07-2018,28.5,77.5,34.25
12-07-2018,28.5,77.5,32.79
13-07-2018,28.5,77.5,31.31
14-07-2018,28.5,77.5,29.53
15-07-2018,28.5,77.5,30.72
16-07-2018,28.5,77.5,31.4
17-07-2018,28.5,77.5,32.81
18-07-2018,28.5,77.5,33.44
19-07-2018,28.5,77.5,32.74
20-07-2018,28.5,77.5,31.07
21-07-2018,28.5,77.5,30.25
22-07-2018,28.5,77.5,28.86
23-07-2018,28.5,77.5,30.26
24-07-2018,28.5,77.5,30.91
25-07-2018,28.5,77.5,30.22
26-07-2018,28.5,77.5,27.81
27-07-2018,28.5,77.5,28.14
28-07-2018,28.5,77.5,28.37
29-07-2018,28.5,77.5,28.94
30-07-2018,28.5,77.5,28.8
31-07-2018,28.5,77.5,29.01
01-08-2018,28.5,77.5,28.89
02-08-2018,28.5,77.5,28.78
03-08-2018,28.5,77.5,28.56
04-08-2018,28.5,77.5,27.65
05-08-2018,28.5,77.5,27.05
06-08-2018,28.5,77.5,27.41
07-08-2018,28.5,77.5,27.82
08-08-2018,28.5,77.5,27.95
09-08-2018,28.5,77.5,29.61
10-08-2018,28.5,77.5,30.45
11-08-2018,28.5,77.5,29.32
12-08-2018,28.5,77.5,29.18
13-08-2018,28.5,77.5,28.68
14-08-2018,28.5,77.5,29.49
15-08-2018,28.5,77.5,29.96
16-08-2018,28.5,77.5,29.45
17-08-2018,28.5,77.5,29.01
18-08-2018,28.5,77.5,29.83
19-08-2018,28.5,77.5,29.76
20-08-2018,28.5,77.5,29.34
21-08-2018,28.5,77.5,28.92
22-08-2018,28.5,77.5,28.75
23-08-2018,28.5,77.5,28.65
24-08-2018,28.5,77.5,28.62
25-08-2018,28.5,77.5,28.76
26-08-2018,28.5,77.5,28.48
27-08-2018,28.5,77.5,28.48
28-08-2018,28.5,77.5,28.42
29-08-2018,28.5,77.5,28.5
30-08-2018,28.5,77.5,28.87
31-08-2018,28.5,77.5,27.99
01-09-2018,28.5,77.5,26.07
02-09-2018,28.5,77.5,26.76
03-09-2018,28.5,77.5,27.17
04-09-2018,28.5,77.5,27.48
05-09-2018,28.5,77.5,27.59
06-09-2018,28.5,77.5,28.45
07-09-2018,28.5,77.5,27.69
08-09-2018,28.5,77.5,27.03
09-09-2018,28.5,77.5,26.85
10-09-2018,28.5,77.5,27.44
11-09-2018,28.5,77.5,27.58
12-09-2018,28.5,77.5,27.4
13-09-2018,28.5,77.5,26.7
14-09-2018,28.5,77.5,26.45
15-09-2018,28.5,77.5,26.69
16-09-2018,28.5,77.5,26.35
17-09-2018,28.5,77.5,27.26
18-09-2018,28.5,77.5,26.8
19-09-2018,28.5,77.5,26.79
20-09-2018,28.5,77.5,26.69
21-09-2018,28.5,77.5,26.75
22-09-2018,28.5,77.5,25.09
23-09-2018,28.5,77.5,25.89
24-09-2018,28.5,77.5,25.58
25-09-2018,28.5,77.5,25.3
26-09-2018,28.5,77.5,25.17
27-09-2018,28.5,77.5,25.73
28-09-2018,28.5,77.5,26.53
29-09-2018,28.5,77.5,26.41
30-09-2018,28.5,77.5,24.99
01-10-2018,28.5,77.5,25.47
02-10-2018,28.5,77.5,25.98
03-10-2018,28.5,77.5,26.91
04-10-2018,28.5,77.5,25.59
05-10-2018,28.5,77.5,25.27
06-10-2018,28.5,77.5,24.96
07-10-2018,28.5,77.5,25.06
08-10-2018,28.5,77.5,25.15
09-10-2018,28.5,77.5,25.22
10-10-2018,28.5,77.5,24.68
11-10-2018,28.5,77.5,24.55
12-10-2018,28.5,77.5,24.05
13-10-2018,28.5,77.5,21.83
14-10-2018,28.5,77.5,22.01
15-10-2018,28.5,77.5,22.86
16-10-2018,28.5,77.5,23.57
17-10-2018,28.5,77.5,25.26
18-10-2018,28.5,77.5,24.37
19-10-2018,28.5,77.5,23.06
20-10-2018,28.5,77.5,22.7
21-10-2018,28.5,77.5,22.22
22-10-2018,28.5,77.5,21.63
23-10-2018,28.5,77.5,21.81
24-10-2018,28.5,77.5,22.1
25-10-2018,28.5,77.5,22.11
26-10-2018,28.5,77.5,22.26
27-10-2018,28.5,77.5,22.27
28-10-2018,28.5,77.5,22.1
29-10-2018,28.5,77.5,22.79
30-10-2018,28.5,77.5,22.67
31-10-2018,28.5,77.5,22.59
01-11-2018,28.5,77.5,23.04
02-11-2018,28.5,77.5,22.14
03-11-2018,28.5,77.5,21.93
04-11-2018,28.5,77.5,21.49
05-11-2018,28.5,77.5,17.93
06-11-2018,28.5,77.5,17.41
07-11-2018,28.5,77.5,17.77
08-11-2018,28.5,77.5,20.07
09-11-2018,28.5,77.5,20.14
10-11-2018,28.5,77.5,19.92
11-11-2018,28.5,77.5,20.09
12-11-2018,28.5,77.5,21.76
13-11-2018,28.5,77.5,21.11
14-11-2018,28.5,77.5,21.06
15-11-2018,28.5,77.5,20.15
16-11-2018,28.5,77.5,17.97
17-11-2018,28.5,77.5,18.37
18-11-2018,28.5,77.5,20.17
19-11-2018,28.5,77.5,19.37
20-11-2018,28.5,77.5,19.8
21-11-2018,28.5,77.5,18.78
22-11-2018,28.5,77.5,18.7
23-11-2018,28.5,77.5,18.01
24-11-2018,28.5,77.5,17.51
25-11-2018,28.5,77.5,18.12
26-11-2018,28.5,77.5,18.79
27-11-2018,28.5,77.5,19.9
28-11-2018,28.5,77.5,19.08
29-11-2018,28.5,77.5,17.91
30-11-2018,28.5,77.5,17.34
01-12-2018,28.5,77.5,17.64
02-12-2018,28.5,77.5,18.33
03-12-2018,28.5,77.5,17.2
04-12-2018,28.5,77.5,16.93
05-12-2018,28.5,77.5,16.49
06-12-2018,28.5,77.5,16.28
07-12-2018,28.5,77.5,15
08-12-2018,28.5,77.5,15.3
09-12-2018,28.5,77.5,15.9
10-12-2018,28.5,77.5,16.21
11-12-2018,28.5,77.5,16.92
12-12-2018,28.5,77.5,14.62
13-12-2018,28.5,77.5,13.77
14-12-2018,28.5,77.5,13.16
15-12-2018,28.5,77.5,13.19
16-12-2018,28.5,77.5,12.63
17-12-2018,28.5,77.5,12.72
18-12-2018,28.5,77.5,12.5
19-12-2018,28.5,77.5,12.23
20-12-2018,28.5,77.5,12.43
21-12-2018,28.5,77.5,10.83
22-12-2018,28.5,77.5,11.73
23-12-2018,28.5,77.5,12.9
24-12-2018,28.5,77.5,11.56
25-12-2018,28.5,77.5,10.45
26-12-2018,28.5,77.5,10.59
27-12-2018,28.5,77.5,11.28
28-12-2018,28.5,77.5,8.75
29-12-2018,28.5,77.5,9.96
30-12-2018,28.5,77.5,12.04
31-12-2018,28.5,77.5,11.25
01-01-2019,28.5,77.5,11.56
02-01-2019,28.5,77.5,13.93
03-01-2019,28.5,77.5,11.75
04-01-2019,28.5,77.5,11.43
05-01-2019,28.5,77.5,12.79
06-01-2019,28.5,77.5,12.34
07-01-2019,28.5,77.5,12.43
08-01-2019,28.5,77.5,12.23
09-01-2019,28.5,77.5,12.44
10-01-2019,28.5,77.5,13.08
11-01-2019,28.5,77.5,14.44
12-01-2019,28.5,77.5,15.27
13-01-2019,28.5,77.5,13.77
14-01-2019,28.5,77.5,11.85
15-01-2019,28.5,77.5,11
16-01-2019,28.5,77.5,13.61
17-01-2019,28.5,77.5,12.18
18-01-2019,28.5,77.5,12.39
19-01-2019,28.5,77.5,14.79
20-01-2019,28.5,77.5,18.05
21-01-2019,28.5,77.5,16.12
22-01-2019,28.5,77.5,13.94
23-01-2019,28.5,77.5,14.31
24-01-2019,28.5,77.5,14.36
25-01-2019,28.5,77.5,11.3
26-01-2019,28.5,77.5,10.02
27-01-2019,28.5,77.5,9.42
28-01-2019,28.5,77.5,9.55
29-01-2019,28.5,77.5,10.37
30-01-2019,28.5,77.5,11.29
31-01-2019,28.5,77.5,13.3
01-02-2019,28.5,77.5,13.51
02-02-2019,28.5,77.5,12.07
03-02-2019,28.5,77.5,12.78
04-02-2019,28.5,77.5,13.98
05-02-2019,28.5,77.5,16.96
06-02-2019,28.5,77.5,17.5
07-02-2019,28.5,77.5,16.32
08-02-2019,28.5,77.5,12.79
09-02-2019,28.5,77.5,11.93
10-02-2019,28.5,77.5,12.85
11-02-2019,28.5,77.5,14.17
12-02-2019,28.5,77.5,15.61
13-02-2019,28.5,77.5,16.68
14-02-2019,28.5,77.5,17.04
15-02-2019,28.5,77.5,15.98
16-02-2019,28.5,77.5,15.24
17-02-2019,28.5,77.5,14.73
18-02-2019,28.5,77.5,17.07
19-02-2019,28.5,77.5,18.26
20-02-2019,28.5,77.5,18
21-02-2019,28.5,77.5,20.54
22-02-2019,28.5,77.5,18.46
23-02-2019,28.5,77.5,14.79
24-02-2019,28.5,77.5,16.13
25-02-2019,28.5,77.5,16.82
26-02-2019,28.5,77.5,16.36
27-02-2019,28.5,77.5,13.76
28-02-2019,28.5,77.5,14
01-03-2019,28.5,77.5,15.54
02-03-2019,28.5,77.5,16.57
03-03-2019,28.5,77.5,17.16
04-03-2019,28.5,77.5,17.75
05-03-2019,28.5,77.5,17.12
06-03-2019,28.5,77.5,16.6
07-03-2019,28.5,77.5,18.11
08-03-2019,28.5,77.5,19.64
09-03-2019,28.5,77.5,19.57
10-03-2019,28.5,77.5,19.31
11-03-2019,28.5,77.5,21.09
12-03-2019,28.5,77.5,20.25
13-03-2019,28.5,77.5,18.75
14-03-2019,28.5,77.5,19.6
15-03-2019,28.5,77.5,19.24
16-03-2019,28.5,77.5,19.56
17-03-2019,28.5,77.5,20.47
18-03-2019,28.5,77.5,20.84
19-03-2019,28.5,77.5,22.27
20-03-2019,28.5,77.5,24.06
21-03-2019,28.5,77.5,23.62
22-03-2019,28.5,77.5,22.79
23-03-2019,28.5,77.5,22.53
24-03-2019,28.5,77.5,24.56
25-03-2019,28.5,77.5,23.89
26-03-2019,28.5,77.5,23.4
27-03-2019,28.5,77.5,24.01
28-03-2019,28.5,77.5,27.03
29-03-2019,28.5,77.5,28.79
30-03-2019,28.5,77.5,29.59
31-03-2019,28.5,77.5,27.13
01-04-2019,28.5,77.5,25.45
02-04-2019,28.5,77.5,27.42
03-04-2019,28.5,77.5,28.54
04-04-2019,28.5,77.5,29.88
05-04-2019,28.5,77.5,31.11
06-04-2019,28.5,77.5,32.15
07-04-2019,28.5,77.5,30.87
08-04-2019,28.5,77.5,29.78
09-04-2019,28.5,77.5,29.81
10-04-2019,28.5,77.5,31.7
11-04-2019,28.5,77.5,32.1
12-04-2019,28.5,77.5,32.13
13-04-2019,28.5,77.5,32.12
14-04-2019,28.5,77.5,32.44
15-04-2019,28.5,77.5,33.51
16-04-2019,28.5,77.5,28.37
17-04-2019,28.5,77.5,23.42
18-04-2019,28.5,77.5,24.64
19-04-2019,28.5,77.5,26.47
20-04-2019,28.5,77.5,27.59
21-04-2019,28.5,77.5,29.92
22-04-2019,28.5,77.5,31.49
23-04-2019,28.5,77.5,32.75
24-04-2019,28.5,77.5,33.42
25-04-2019,28.5,77.5,34.19
26-04-2019,28.5,77.5,33.65
27-04-2019,28.5,77.5,34.06
28-04-2019,28.5,77.5,33.99
29-04-2019,28.5,77.5,34.29
30-04-2019,28.5,77.5,34.17
01-05-2019,28.5,77.5,34.45
02-05-2019,28.5,77.5,34.25
03-05-2019,28.5,77.5,33.09
04-05-2019,28.5,77.5,32
05-05-2019,28.5,77.5,32.1
06-05-2019,28.5,77.5,33.04
07-05-2019,28.5,77.5,34.07
08-05-2019,28.5,77.5,35.14
09-05-2019,28.5,77.5,35.84
10-05-2019,28.5,77.5,35.79
11-05-2019,28.5,77.5,34.99
12-05-2019,28.5,77.5,34.17
13-05-2019,28.5,77.5,34.63
14-05-2019,28.5,77.5,32.9
15-05-2019,28.5,77.5,34.09
16-05-2019,28.5,77.5,33.74
17-05-2019,28.5,77.5,32.41
18-05-2019,28.5,77.5,29.45
19-05-2019,28.5,77.5,31.63
20-05-2019,28.5,77.5,33.54
21-05-2019,28.5,77.5,34.03
22-05-2019,28.5,77.5,35.04
23-05-2019,28.5,77.5,34.97
24-05-2019,28.5,77.5,33.88
25-05-2019,28.5,77.5,33.24
26-05-2019,28.5,77.5,33.8
27-05-2019,28.5,77.5,35.11
28-05-2019,28.5,77.5,35.58
29-05-2019,28.5,77.5,37.31
30-05-2019,28.5,77.5,38.43
31-05-2019,28.5,77.5,38.75
01-06-2019,28.5,77.5,39.91
02-06-2019,28.5,77.5,39.71
03-06-2019,28.5,77.5,38.47
04-06-2019,28.5,77.5,38
05-06-2019,28.5,77.5,39.36
06-06-2019,28.5,77.5,38.97
07-06-2019,28.5,77.5,36.58
08-06-2019,28.5,77.5,38.2
09-06-2019,28.5,77.5,38.91
10-06-2019,28.5,77.5,39.61
11-06-2019,28.5,77.5,40.02
12-06-2019,28.5,77.5,40.26
13-06-2019,28.5,77.5,38.1
14-06-2019,28.5,77.5,38.13
15-06-2019,28.5,77.5,38.25
16-06-2019,28.5,77.5,37.03
17-06-2019,28.5,77.5,35.17
18-06-2019,28.5,77.5,34.1
19-06-2019,28.5,77.5,34.08
20-06-2019,28.5,77.5,34.34
21-06-2019,28.5,77.5,36.39
22-06-2019,28.5,77.5,37.3
23-06-2019,28.5,77.5,36.64
24-06-2019,28.5,77.5,34.34
25-06-2019,28.5,77.5,36.23
26-06-2019,28.5,77.5,38.05
27-06-2019,28.5,77.5,37.89
28-06-2019,28.5,77.5,38.04
29-06-2019,28.5,77.5,38.83
30-06-2019,28.5,77.5,39.38
01-07-2019,28.5,77.5,39.06
02-07-2019,28.5,77.5,39.01
03-07-2019,28.5,77.5,37.36
04-07-2019,28.5,77.5,37.28
05-07-2019,28.5,77.5,35.48
06-07-2019,28.5,77.5,35.07
07-07-2019,28.5,77.5,34.15
08-07-2019,28.5,77.5,36.36
09-07-2019,28.5,77.5,33.61
10-07-2019,28.5,77.5,34.48
11-07-2019,28.5,77.5,34.81
12-07-2019,28.5,77.5,35.32
13-07-2019,28.5,77.5,35.46
14-07-2019,28.5,77.5,35.24
15-07-2019,28.5,77.5,33.1
16-07-2019,28.5,77.5,31.62
17-07-2019,28.5,77.5,31.13
18-07-2019,28.5,77.5,30.42
19-07-2019,28.5,77.5,33.31
20-07-2019,28.5,77.5,33.41
21-07-2019,28.5,77.5,32.84
22-07-2019,28.5,77.5,33.64
23-07-2019,28.5,77.5,34.03
24-07-2019,28.5,77.5,34.55
25-07-2019,28.5,77.5,29.94
26-07-2019,28.5,77.5,29.71
27-07-2019,28.5,77.5,28.89
28-07-2019,28.5,77.5,29.72
29-07-2019,28.5,77.5,31.02
30-07-2019,28.5,77.5,31.44
31-07-2019,28.5,77.5,30.84
01-08-2019,28.5,77.5,31.25
02-08-2019,28.5,77.5,29.95
03-08-2019,28.5,77.5,28.93
04-08-2019,28.5,77.5,29.02
05-08-2019,28.5,77.5,31.69
06-08-2019,28.5,77.5,31.45
07-08-2019,28.5,77.5,29.93
08-08-2019,28.5,77.5,30.2
09-08-2019,28.5,77.5,29.8
10-08-2019,28.5,77.5,28.97
11-08-2019,28.5,77.5,30.36
12-08-2019,28.5,77.5,30.65
13-08-2019,28.5,77.5,31.79
14-08-2019,28.5,77.5,30.87
15-08-2019,28.5,77.5,29.31
16-08-2019,28.5,77.5,28.23
17-08-2019,28.5,77.5,28.22
18-08-2019,28.5,77.5,28.3
19-08-2019,28.5,77.5,29.07
20-08-2019,28.5,77.5,28.76
21-08-2019,28.5,77.5,29.35
22-08-2019,28.5,77.5,29.36
23-08-2019,28.5,77.5,30.45
24-08-2019,28.5,77.5,31.47
25-08-2019,28.5,77.5,28.64
26-08-2019,28.5,77.5,29.58
27-08-2019,28.5,77.5,30.9
28-08-2019,28.5,77.5,31.27
29-08-2019,28.5,77.5,31.23
30-08-2019,28.5,77.5,30.69
31-08-2019,28.5,77.5,31.93
01-09-2019,28.5,77.5,29.96
02-09-2019,28.5,77.5,30.74
03-09-2019,28.5,77.5,32.24
04-09-2019,28.5,77.5,30.69
05-09-2019,28.5,77.5,30.75
06-09-2019,28.5,77.5,30.97
07-09-2019,28.5,77.5,29.85
08-09-2019,28.5,77.5,30.02
09-09-2019,28.5,77.5,31.25
10-09-2019,28.5,77.5,30.75
11-09-2019,28.5,77.5,31.65
12-09-2019,28.5,77.5,31.97
13-09-2019,28.5,77.5,30.92
14-09-2019,28.5,77.5,30.74
15-09-2019,28.5,77.5,30.67
16-09-2019,28.5,77.5,30.9
17-09-2019,28.5,77.5,30.93
18-09-2019,28.5,77.5,30.89
19-09-2019,28.5,77.5,28.77
20-09-2019,28.5,77.5,29.39
21-09-2019,28.5,77.5,29.76
22-09-2019,28.5,77.5,28.04
23-09-2019,28.5,77.5,27.68
24-09-2019,28.5,77.5,27.79
25-09-2019,28.5,77.5,27.42
26-09-2019,28.5,77.5,26.89
27-09-2019,28.5,77.5,26.89
28-09-2019,28.5,77.5,26.62
29-09-2019,28.5,77.5,26.73
30-09-2019,28.5,77.5,26.19
01-10-2019,28.5,77.5,27.15
02-10-2019,28.5,77.5,27.73
03-10-2019,28.5,77.5,27.1
04-10-2019,28.5,77.5,26.16
05-10-2019,28.5,77.5,25.91
06-10-2019,28.5,77.5,25.77
07-10-2019,28.5,77.5,26.24
08-10-2019,28.5,77.5,25.98
09-10-2019,28.5,77.5,26.33
10-10-2019,28.5,77.5,26.1
11-10-2019,28.5,77.5,25.83
12-10-2019,28.5,77.5,26.02
13-10-2019,28.5,77.5,26.36
14-10-2019,28.5,77.5,26.71
15-10-2019,28.5,77.5,26.41
16-10-2019,28.5,77.5,26.11
17-10-2019,28.5,77.5,26.78
18-10-2019,28.5,77.5,27.14
19-10-2019,28.5,77.5,26.42
20-10-2019,28.5,77.5,24.84
21-10-2019,28.5,77.5,23.85
22-10-2019,28.5,77.5,23.5
23-10-2019,28.5,77.5,24.15
24-10-2019,28.5,77.5,23.58
25-10-2019,28.5,77.5,23.43
26-10-2019,28.5,77.5,23.73
27-10-2019,28.5,77.5,23.99
28-10-2019,28.5,77.5,24.08
29-10-2019,28.5,77.5,24.24
30-10-2019,28.5,77.5,25.07
31-10-2019,28.5,77.5,25.01
01-11-2019,28.5,77.5,24.36
02-11-2019,28.5,77.5,24.39
03-11-2019,28.5,77.5,23.63
04-11-2019,28.5,77.5,23.43
05-11-2019,28.5,77.5,22.74
06-11-2019,28.5,77.5,23.65
07-11-2019,28.5,77.5,22.39
08-11-2019,28.5,77.5,23.4
09-11-2019,28.5,77.5,22.78
10-11-2019,28.5,77.5,21.62
11-11-2019,28.5,77.5,20.63
12-11-2019,28.5,77.5,20.19
13-11-2019,28.5,77.5,21.01
14-11-2019,28.5,77.5,21.87
15-11-2019,28.5,77.5,20.57
16-11-2019,28.5,77.5,20.98
17-11-2019,28.5,77.5,21.16
18-11-2019,28.5,77.5,19.46
19-11-2019,28.5,77.5,19.71
20-11-2019,28.5,77.5,20.23
21-11-2019,28.5,77.5,19.58
22-11-2019,28.5,77.5,19.96
23-11-2019,28.5,77.5,20.78
24-11-2019,28.5,77.5,21.44
25-11-2019,28.5,77.5,22.17
26-11-2019,28.5,77.5,21.61
27-11-2019,28.5,77.5,20.46
28-11-2019,28.5,77.5,19.89
29-11-2019,28.5,77.5,18.32
30-11-2019,28.5,77.5,16.88
01-12-2019,28.5,77.5,15.73
02-12-2019,28.5,77.5,15.02
03-12-2019,28.5,77.5,15.21
04-12-2019,28.5,77.5,15.45
05-12-2019,28.5,77.5,16.07
06-12-2019,28.5,77.5,16.89
07-12-2019,28.5,77.5,17.61
08-12-2019,28.5,77.5,17.15
09-12-2019,28.5,77.5,15.48
10-12-2019,28.5,77.5,15.88
11-12-2019,28.5,77.5,16.45
12-12-2019,28.5,77.5,15.52
13-12-2019,28.5,77.5,15.18
14-12-2019,28.5,77.5,13.77
15-12-2019,28.5,77.5,13.01
16-12-2019,28.5,77.5,11.31
17-12-2019,28.5,77.5,10.7
18-12-2019,28.5,77.5,10.32
19-12-2019,28.5,77.5,11.15
20-12-2019,28.5,77.5,12.84
21-12-2019,28.5,77.5,14.46
22-12-2019,28.5,77.5,12.17
23-12-2019,28.5,77.5,11.95
24-12-2019,28.5,77.5,10.65
25-12-2019,28.5,77.5,9.79
26-12-2019,28.5,77.5,9.14
27-12-2019,28.5,77.5,7.52
28-12-2019,28.5,77.5,7.48
29-12-2019,28.5,77.5,8.9
30-12-2019,28.5,77.5,8.55
31-12-2019,28.5,77.5,8.04
01-01-2020,28.5,77.5,10.65
02-01-2020,28.5,77.5,12.48
03-01-2020,28.5,77.5,14.64
04-01-2020,28.5,77.5,13.88
05-01-2020,28.5,77.5,12.81
06-01-2020,28.5,77.5,13.7
07-01-2020,28.5,77.5,14.59
08-01-2020,28.5,77.5,13.18
09-01-2020,28.5,77.5,9.67
10-01-2020,28.5,77.5,8.99
11-01-2020,28.5,77.5,10.4
12-01-2020,28.5,77.5,13.13
13-01-2020,28.5,77.5,14.82
14-01-2020,28.5,77.5,14.25
15-01-2020,28.5,77.5,13.32
16-01-2020,28.5,77.5,12.64
17-01-2020,28.5,77.5,12.85
18-01-2020,28.5,77.5,12.95
19-01-2020,28.5,77.5,11.06
20-01-2020,28.5,77.5,11.01
21-01-2020,28.5,77.5,13.13
22-01-2020,28.5,77.5,12.91
23-01-2020,28.5,77.5,11.36
24-01-2020,28.5,77.5,11.46
25-01-2020,28.5,77.5,11.77
26-01-2020,28.5,77.5,14.12
27-01-2020,28.5,77.5,15.98
28-01-2020,28.5,77.5,14.23
29-01-2020,28.5,77.5,13.94
30-01-2020,28.5,77.5,12.01
31-01-2020,28.5,77.5,11.83
01-02-2020,28.5,77.5,12.39
02-02-2020,28.5,77.5,11.46
03-02-2020,28.5,77.5,12.08
04-02-2020,28.5,77.5,12.61
05-02-2020,28.5,77.5,12.66
06-02-2020,28.5,77.5,12.14
07-02-2020,28.5,77.5,12.41
08-02-2020,28.5,77.5,11.94
09-02-2020,28.5,77.5,12.83
10-02-2020,28.5,77.5,13.52
11-02-2020,28.5,77.5,14.23
12-02-2020,28.5,77.5,15.65
13-02-2020,28.5,77.5,18.71
14-02-2020,28.5,77.5,17.74
15-02-2020,28.5,77.5,15.62
16-02-2020,28.5,77.5,16.12
17-02-2020,28.5,77.5,16.46
18-02-2020,28.5,77.5,16.31
19-02-2020,28.5,77.5,18.39
20-02-2020,28.5,77.5,19.08
21-02-2020,28.5,77.5,17.18
22-02-2020,28.5,77.5,17.31
23-02-2020,28.5,77.5,19.26
24-02-2020,28.5,77.5,18.91
25-02-2020,28.5,77.5,18.45
26-02-2020,28.5,77.5,18.91
27-02-2020,28.5,77.5,18.11
28-02-2020,28.5,77.5,19.58
29-02-2020,28.5,77.5,19.94
01-03-2020,28.5,77.5,20.47
02-03-2020,28.5,77.5,20.93
03-03-2020,28.5,77.5,21
04-03-2020,28.5,77.5,21.23
05-03-2020,28.5,77.5,20.19
06-03-2020,28.5,77.5,17.96
07-03-2020,28.5,77.5,18
08-03-2020,28.5,77.5,18.14
09-03-2020,28.5,77.5,17.52
10-03-2020,28.5,77.5,18.18
11-03-2020,28.5,77.5,19.97
12-03-2020,28.5,77.5,21.01
13-03-2020,28.5,77.5,20.02
14-03-2020,28.5,77.5,16.97
15-03-2020,28.5,77.5,17.73
16-03-2020,28.5,77.5,19.27
17-03-2020,28.5,77.5,20.39
18-03-2020,28.5,77.5,21.42
19-03-2020,28.5,77.5,22.65
20-03-2020,28.5,77.5,23.72
21-03-2020,28.5,77.5,24.72
22-03-2020,28.5,77.5,24.18
23-03-2020,28.5,77.5,23.77
24-03-2020,28.5,77.5,24.48
25-03-2020,28.5,77.5,25.36
26-03-2020,28.5,77.5,24
27-03-2020,28.5,77.5,22.54
28-03-2020,28.5,77.5,22.74
29-03-2020,28.5,77.5,23.1
30-03-2020,28.5,77.5,22.86
31-03-2020,28.5,77.5,23.69
01-04-2020,28.5,77.5,25.71
02-04-2020,28.5,77.5,24.36
03-04-2020,28.5,77.5,23.15
04-04-2020,28.5,77.5,23.96
05-04-2020,28.5,77.5,25.81
06-04-2020,28.5,77.5,26.62
07-04-2020,28.5,77.5,26.81
08-04-2020,28.5,77.5,25.96
09-04-2020,28.5,77.5,25.51
10-04-2020,28.5,77.5,27.89
11-04-2020,28.5,77.5,29.14
12-04-2020,28.5,77.5,28.96
13-04-2020,28.5,77.5,30.33
14-04-2020,28.5,77.5,32.34
15-04-2020,28.5,77.5,31.98
16-04-2020,28.5,77.5,30.81
17-04-2020,28.5,77.5,29.68
18-04-2020,28.5,77.5,29.8
19-04-2020,28.5,77.5,28.88
20-04-2020,28.5,77.5,24.65
21-04-2020,28.5,77.5,27.72
22-04-2020,28.5,77.5,28.48
23-04-2020,28.5,77.5,28.45
24-04-2020,28.5,77.5,30.77
25-04-2020,28.5,77.5,31.94
26-04-2020,28.5,77.5,30.15
27-04-2020,28.5,77.5,28.01
28-04-2020,28.5,77.5,28.88
29-04-2020,28.5,77.5,30.99
30-04-2020,28.5,77.5,31.94
01-05-2020,28.5,77.5,32.37
02-05-2020,28.5,77.5,32.65
03-05-2020,28.5,77.5,31.26
04-05-2020,28.5,77.5,30.68
05-05-2020,28.5,77.5,31.56
06-05-2020,28.5,77.5,31.67
07-05-2020,28.5,77.5,30.16
08-05-2020,28.5,77.5,32.75
09-05-2020,28.5,77.5,33.4
10-05-2020,28.5,77.5,30.98
11-05-2020,28.5,77.5,30.14
12-05-2020,28.5,77.5,31.41
13-05-2020,28.5,77.5,32.66
14-05-2020,28.5,77.5,33.67
15-05-2020,28.5,77.5,33.41
16-05-2020,28.5,77.5,33.13
17-05-2020,28.5,77.5,34.34
18-05-2020,28.5,77.5,34.03
19-05-2020,28.5,77.5,33.72
20-05-2020,28.5,77.5,33.12
21-05-2020,28.5,77.5,34.13
22-05-2020,28.5,77.5,36.52
23-05-2020,28.5,77.5,38.66
24-05-2020,28.5,77.5,38.32
25-05-2020,28.5,77.5,37.83
26-05-2020,28.5,77.5,38.37
27-05-2020,28.5,77.5,38.92
28-05-2020,28.5,77.5,36.75
29-05-2020,28.5,77.5,34.91
30-05-2020,28.5,77.5,31.65
31-05-2020,28.5,77.5,29.66
01-06-2020,28.5,77.5,31.02
02-06-2020,28.5,77.5,31.92
03-06-2020,28.5,77.5,33.32
04-06-2020,28.5,77.5,31.8
05-06-2020,28.5,77.5,31.1
06-06-2020,28.5,77.5,31.45
07-06-2020,28.5,77.5,32.46
08-06-2020,28.5,77.5,33.31
09-06-2020,28.5,77.5,35.16
10-06-2020,28.5,77.5,36.36
11-06-2020,28.5,77.5,36.53
12-06-2020,28.5,77.5,37.27
13-06-2020,28.5,77.5,36.62
14-06-2020,28.5,77.5,36.06
15-06-2020,28.5,77.5,36.41
16-06-2020,28.5,77.5,36.84
17-06-2020,28.5,77.5,36.2
18-06-2020,28.5,77.5,36.92
19-06-2020,28.5,77.5,37.8
20-06-2020,28.5,77.5,37.92
21-06-2020,28.5,77.5,35.59
22-06-2020,28.5,77.5,34.3
23-06-2020,28.5,77.5,34.31
24-06-2020,28.5,77.5,33.17
25-06-2020,28.5,77.5,34.7
26-06-2020,28.5,77.5,34.31
27-06-2020,28.5,77.5,37.26
28-06-2020,28.5,77.5,37.44
29-06-2020,28.5,77.5,37.66
30-06-2020,28.5,77.5,35.02
01-07-2020,28.5,77.5,36.08
02-07-2020,28.5,77.5,36.19
03-07-2020,28.5,77.5,36.94
04-07-2020,28.5,77.5,37.1
05-07-2020,28.5,77.5,31.4
06-07-2020,28.5,77.5,33.47
07-07-2020,28.5,77.5,29.93
08-07-2020,28.5,77.5,31.14
09-07-2020,28.5,77.5,33.49
10-07-2020,28.5,77.5,35.76
11-07-2020,28.5,77.5,34.82
12-07-2020,28.5,77.5,33.47
13-07-2020,28.5,77.5,34
14-07-2020,28.5,77.5,35.47
15-07-2020,28.5,77.5,34.56
16-07-2020,28.5,77.5,33.74
17-07-2020,28.5,77.5,32.7
18-07-2020,28.5,77.5,33.22
19-07-2020,28.5,77.5,32.57
20-07-2020,28.5,77.5,33.67
21-07-2020,28.5,77.5,31.48
22-07-2020,28.5,77.5,28.55
23-07-2020,28.5,77.5,30.15
24-07-2020,28.5,77.5,30.61
25-07-2020,28.5,77.5,30.51
26-07-2020,28.5,77.5,30.7
27-07-2020,28.5,77.5,32.87
28-07-2020,28.5,77.5,33.66
29-07-2020,28.5,77.5,32.25
30-07-2020,28.5,77.5,29.33
31-07-2020,28.5,77.5,30.84
01-08-2020,28.5,77.5,31.59
02-08-2020,28.5,77.5,31.96
03-08-2020,28.5,77.5,32.62
04-08-2020,28.5,77.5,32.75
05-08-2020,28.5,77.5,31.51
06-08-2020,28.5,77.5,31.28
07-08-2020,28.5,77.5,31.24
08-08-2020,28.5,77.5,32.28
09-08-2020,28.5,77.5,32.29
10-08-2020,28.5,77.5,30.59
11-08-2020,28.5,77.5,29.26
12-08-2020,28.5,77.5,30.92
13-08-2020,28.5,77.5,29.18
14-08-2020,28.5,77.5,28.63
15-08-2020,28.5,77.5,29.72
16-08-2020,28.5,77.5,30.54
17-08-2020,28.5,77.5,31.06
18-08-2020,28.5,77.5,30.52
19-08-2020,28.5,77.5,29.98
20-08-2020,28.5,77.5,27.99
21-08-2020,28.5,77.5,28.19
22-08-2020,28.5,77.5,28.34
23-08-2020,28.5,77.5,28.36
24-08-2020,28.5,77.5,28.8
25-08-2020,28.5,77.5,29.16
26-08-2020,28.5,77.5,29.85
27-08-2020,28.5,77.5,29.39
28-08-2020,28.5,77.5,29.63
29-08-2020,28.5,77.5,29
30-08-2020,28.5,77.5,28.07
31-08-2020,28.5,77.5,28.69
01-09-2020,28.5,77.5,29.55
02-09-2020,28.5,77.5,28.85
03-09-2020,28.5,77.5,29.11
04-09-2020,28.5,77.5,29.77
05-09-2020,28.5,77.5,29.96
06-09-2020,28.5,77.5,29.44
07-09-2020,28.5,77.5,29.98
08-09-2020,28.5,77.5,29.8
09-09-2020,28.5,77.5,30.15
10-09-2020,28.5,77.5,30.66
11-09-2020,28.5,77.5,31
12-09-2020,28.5,77.5,30.31
13-09-2020,28.5,77.5,30.83
14-09-2020,28.5,77.5,30.43
15-09-2020,28.5,77.5,30.64
16-09-2020,28.5,77.5,31.47
17-09-2020,28.5,77.5,31.74
18-09-2020,28.5,77.5,31.88
19-09-2020,28.5,77.5,31.84
20-09-2020,28.5,77.5,30.74
21-09-2020,28.5,77.5,31.06
22-09-2020,28.5,77.5,31.44
23-09-2020,28.5,77.5,30.75
24-09-2020,28.5,77.5,31.27
25-09-2020,28.5,77.5,30.79
26-09-2020,28.5,77.5,29.91
27-09-2020,28.5,77.5,29.53
28-09-2020,28.5,77.5,29.76
29-09-2020,28.5,77.5,28.48
30-09-2020,28.5,77.5,28.03
01-10-2020,28.5,77.5,28.45
02-10-2020,28.5,77.5,28.83
03-10-2020,28.5,77.5,28.11
04-10-2020,28.5,77.5,27.33
05-10-2020,28.5,77.5,27.6
06-10-2020,28.5,77.5,27.62
07-10-2020,28.5,77.5,27.71
08-10-2020,28.5,77.5,27.6
09-10-2020,28.5,77.5,27.6
10-10-2020,28.5,77.5,27.68
11-10-2020,28.5,77.5,27.51
12-10-2020,28.5,77.5,27.78
13-10-2020,28.5,77.5,28.36
14-10-2020,28.5,77.5,28.21
15-10-2020,28.5,77.5,28.03
16-10-2020,28.5,77.5,26.93
17-10-2020,28.5,77.5,27
18-10-2020,28.5,77.5,25.98
19-10-2020,28.5,77.5,24.85
20-10-2020,28.5,77.5,24.93
21-10-2020,28.5,77.5,26.22
22-10-2020,28.5,77.5,26.75
23-10-2020,28.5,77.5,25.81
24-10-2020,28.5,77.5,24.87
25-10-2020,28.5,77.5,24.74
26-10-2020,28.5,77.5,24.34
27-10-2020,28.5,77.5,23.01
28-10-2020,28.5,77.5,22.76
29-10-2020,28.5,77.5,22.45
30-10-2020,28.5,77.5,22.44
31-10-2020,28.5,77.5,22.07
01-11-2020,28.5,77.5,21.21
02-11-2020,28.5,77.5,21
03-11-2020,28.5,77.5,21.61
04-11-2020,28.5,77.5,21.75
05-11-2020,28.5,77.5,21.59
06-11-2020,28.5,77.5,21.81
07-11-2020,28.5,77.5,21.54
08-11-2020,28.5,77.5,21.23
09-11-2020,28.5,77.5,20.07
10-11-2020,28.5,77.5,22.31
11-11-2020,28.5,77.5,22.28
12-11-2020,28.5,77.5,21.43
13-11-2020,28.5,77.5,21.1
14-11-2020,28.5,77.5,21.77
15-11-2020,28.5,77.5,22.47
16-11-2020,28.5,77.5,20.41
17-11-2020,28.5,77.5,19.19
18-11-2020,28.5,77.5,18.37
19-11-2020,28.5,77.5,17.67
20-11-2020,28.5,77.5,17.24
21-11-2020,28.5,77.5,16.38
22-11-2020,28.5,77.5,16.2
23-11-2020,28.5,77.5,17.85
24-11-2020,28.5,77.5,18.08
25-11-2020,28.5,77.5,18.4
26-11-2020,28.5,77.5,17.42
27-11-2020,28.5,77.5,17.63
28-11-2020,28.5,77.5,16.58
29-11-2020,28.5,77.5,16.21
30-11-2020,28.5,77.5,17
01-12-2020,28.5,77.5,17.02
02-12-2020,28.5,77.5,17.78
03-12-2020,28.5,77.5,18.09
04-12-2020,28.5,77.5,19.71
05-12-2020,28.5,77.5,19.62
06-12-2020,28.5,77.5,19.44
07-12-2020,28.5,77.5,18.91
08-12-2020,28.5,77.5,19.19
09-12-2020,28.5,77.5,20.08
10-12-2020,28.5,77.5,20.18
11-12-2020,28.5,77.5,20.66
12-12-2020,28.5,77.5,19.26
13-12-2020,28.5,77.5,15.34
14-12-2020,28.5,77.5,13.06
15-12-2020,28.5,77.5,12.32
16-12-2020,28.5,77.5,12.74
17-12-2020,28.5,77.5,10.2
18-12-2020,28.5,77.5,11.3
19-12-2020,28.5,77.5,12.7
20-12-2020,28.5,77.5,13.5
21-12-2020,28.5,77.5,13.65
22-12-2020,28.5,77.5,15.28
23-12-2020,28.5,77.5,14.76
24-12-2020,28.5,77.5,14.06
25-12-2020,28.5,77.5,13.2
26-12-2020,28.5,77.5,13.95
27-12-2020,28.5,77.5,15.72
28-12-2020,28.5,77.5,11.85
29-12-2020,28.5,77.5,11.2
30-12-2020,28.5,77.5,10.19
31-12-2020,28.5,77.5,10.78
01-01-2021,28.5,77.5,13.36
02-01-2021,28.5,77.5,13.5
03-01-2021,28.5,77.5,15.79
04-01-2021,28.5,77.5,17.43
05-01-2021,28.5,77.5,17.53
06-01-2021,28.5,77.5,16.49
07-01-2021,28.5,77.5,14.49
08-01-2021,28.5,77.5,15.48
09-01-2021,28.5,77.5,15.88
10-01-2021,28.5,77.5,12.98
11-01-2021,28.5,77.5,11
12-01-2021,28.5,77.5,11.24
13-01-2021,28.5,77.5,10.09
14-01-2021,28.5,77.5,12.06
15-01-2021,28.5,77.5,12.65
16-01-2021,28.5,77.5,10.91
17-01-2021,28.5,77.5,10.94
18-01-2021,28.5,77.5,13.73
19-01-2021,28.5,77.5,14.92
20-01-2021,28.5,77.5,13.54
21-01-2021,28.5,77.5,13.09
22-01-2021,28.5,77.5,13.32
23-01-2021,28.5,77.5,14.04
24-01-2021,28.5,77.5,12.08
25-01-2021,28.5,77.5,10.83
26-01-2021,28.5,77.5,11.92
27-01-2021,28.5,77.5,12.1
28-01-2021,28.5,77.5,11.34
29-01-2021,28.5,77.5,11.3
30-01-2021,28.5,77.5,12.1
31-01-2021,28.5,77.5,14.11
01-02-2021,28.5,77.5,15.93
02-02-2021,28.5,77.5,16.45
03-02-2021,28.5,77.5,16.25
04-02-2021,28.5,77.5,16.17
05-02-2021,28.5,77.5,14.6
06-02-2021,28.5,77.5,14.29
07-02-2021,28.5,77.5,14.51
08-02-2021,28.5,77.5,15.13
09-02-2021,28.5,77.5,17.63
10-02-2021,28.5,77.5,19.2
11-02-2021,28.5,77.5,17.5
12-02-2021,28.5,77.5,17.82
13-02-2021,28.5,77.5,18.3
14-02-2021,28.5,77.5,19.38
15-02-2021,28.5,77.5,20.37
16-02-2021,28.5,77.5,19.49
17-02-2021,28.5,77.5,18.61
18-02-2021,28.5,77.5,19.21
19-02-2021,28.5,77.5,18.24
20-02-2021,28.5,77.5,17.76
21-02-2021,28.5,77.5,18.11
22-02-2021,28.5,77.5,20.06
23-02-2021,28.5,77.5,21.89
24-02-2021,28.5,77.5,23.44
25-02-2021,28.5,77.5,23.01
26-02-2021,28.5,77.5,24.48
27-02-2021,28.5,77.5,23.97
28-02-2021,28.5,77.5,22.85
01-03-2021,28.5,77.5,21.17
02-03-2021,28.5,77.5,20.75
03-03-2021,28.5,77.5,22.65
04-03-2021,28.5,77.5,24.49
05-03-2021,28.5,77.5,23.61
06-03-2021,28.5,77.5,24.74
07-03-2021,28.5,77.5,25.6
08-03-2021,28.5,77.5,25.16
09-03-2021,28.5,77.5,26.6
10-03-2021,28.5,77.5,26.22
11-03-2021,28.5,77.5,26.39
12-03-2021,28.5,77.5,23.03
13-03-2021,28.5,77.5,24.08
14-03-2021,28.5,77.5,25.45
15-03-2021,28.5,77.5,24.98
16-03-2021,28.5,77.5,25.4
17-03-2021,28.5,77.5,26.69
18-03-2021,28.5,77.5,27.63
19-03-2021,28.5,77.5,27.88
20-03-2021,28.5,77.5,26.75
21-03-2021,28.5,77.5,27.72
22-03-2021,28.5,77.5,26.91
23-03-2021,28.5,77.5,28.01
24-03-2021,28.5,77.5,26.39
25-03-2021,28.5,77.5,24.86
26-03-2021,28.5,77.5,24.78
27-03-2021,28.5,77.5,27.17
28-03-2021,28.5,77.5,29.12
29-03-2021,28.5,77.5,30.32
30-03-2021,28.5,77.5,30.65
31-03-2021,28.5,77.5,28.56
01-04-2021,28.5,77.5,26.44
02-04-2021,28.5,77.5,25.93
03-04-2021,28.5,77.5,25.93
04-04-2021,28.5,77.5,27.35
05-04-2021,28.5,77.5,29.26
06-04-2021,28.5,77.5,30.92
07-04-2021,28.5,77.5,29.93
08-04-2021,28.5,77.5,27.87
09-04-2021,28.5,77.5,27.93
10-04-2021,28.5,77.5,28.89
11-04-2021,28.5,77.5,29.72
12-04-2021,28.5,77.5,31.11
13-04-2021,28.5,77.5,32.01
14-04-2021,28.5,77.5,32.49
15-04-2021,28.5,77.5,32.77
16-04-2021,28.5,77.5,32.81
17-04-2021,28.5,77.5,29.53
18-04-2021,28.5,77.5,29.58
19-04-2021,28.5,77.5,31.24
20-04-2021,28.5,77.5,28.68
21-04-2021,28.5,77.5,27.44
22-04-2021,28.5,77.5,27.33
23-04-2021,28.5,77.5,29.35
24-04-2021,28.5,77.5,27.47
25-04-2021,28.5,77.5,28.9
26-04-2021,28.5,77.5,31.06
27-04-2021,28.5,77.5,33.37
28-04-2021,28.5,77.5,33.97
29-04-2021,28.5,77.5,34.67
30-04-2021,28.5,77.5,34.66
01-05-2021,28.5,77.5,33.73
02-05-2021,28.5,77.5,33.6
03-05-2021,28.5,77.5,33.92
04-05-2021,28.5,77.5,34.77
05-05-2021,28.5,77.5,33.54
06-05-2021,28.5,77.5,33
07-05-2021,28.5,77.5,31.59
08-05-2021,28.5,77.5,32.11
09-05-2021,28.5,77.5,33.1
10-05-2021,28.5,77.5,34.56
11-05-2021,28.5,77.5,33.78
12-05-2021,28.5,77.5,34.07
13-05-2021,28.5,77.5,30.93
14-05-2021,28.5,77.5,31.86
15-05-2021,28.5,77.5,33.51
16-05-2021,28.5,77.5,34.12
17-05-2021,28.5,77.5,33.43
18-05-2021,28.5,77.5,30.03
19-05-2021,28.5,77.5,25.52
20-05-2021,28.5,77.5,24.92
21-05-2021,28.5,77.5,28.26
22-05-2021,28.5,77.5,29.68
23-05-2021,28.5,77.5,28.72
24-05-2021,28.5,77.5,29.25
25-05-2021,28.5,77.5,31.03
26-05-2021,28.5,77.5,32.27
27-05-2021,28.5,77.5,33.18
28-05-2021,28.5,77.5,31.76
29-05-2021,28.5,77.5,31.87
30-05-2021,28.5,77.5,32.06
31-05-2021,28.5,77.5,34.94
01-06-2021,28.5,77.5,31.43
02-06-2021,28.5,77.5,31.86
03-06-2021,28.5,77.5,32.34
04-06-2021,28.5,77.5,33.99
05-06-2021,28.5,77.5,34.33
06-06-2021,28.5,77.5,33.74
07-06-2021,28.5,77.5,34.94
08-06-2021,28.5,77.5,35.98
09-06-2021,28.5,77.5,36.69
10-06-2021,28.5,77.5,33.62
11-06-2021,28.5,77.5,32.49
12-06-2021,28.5,77.5,32.62
13-06-2021,28.5,77.5,31.91
14-06-2021,28.5,77.5,33.48
15-06-2021,28.5,77.5,32.99
16-06-2021,28.5,77.5,31.76
17-06-2021,28.5,77.5,31.67
18-06-2021,28.5,77.5,31.22
19-06-2021,28.5,77.5,29.99
20-06-2021,28.5,77.5,30.68
21-06-2021,28.5,77.5,33.08
22-06-2021,28.5,77.5,33.93
23-06-2021,28.5,77.5,34.29
24-06-2021,28.5,77.5,33.64
25-06-2021,28.5,77.5,33.49
26-06-2021,28.5,77.5,32.38
27-06-2021,28.5,77.5,33.59
28-06-2021,28.5,77.5,34.49
29-06-2021,28.5,77.5,35.78
30-06-2021,28.5,77.5,36.64
01-07-2021,28.5,77.5,37.37
02-07-2021,28.5,77.5,36.9
03-07-2021,28.5,77.5,34.4
04-07-2021,28.5,77.5,34.5
05-07-2021,28.5,77.5,35.16
06-07-2021,28.5,77.5,36.01
07-07-2021,28.5,77.5,36.92
08-07-2021,28.5,77.5,37.66
09-07-2021,28.5,77.5,35.05
10-07-2021,28.5,77.5,34.78
11-07-2021,28.5,77.5,33.34
12-07-2021,28.5,77.5,31.78
13-07-2021,28.5,77.5,29.95
14-07-2021,28.5,77.5,29.65
15-07-2021,28.5,77.5,32.16
16-07-2021,28.5,77.5,33.89
17-07-2021,28.5,77.5,34.26
18-07-2021,28.5,77.5,31.52
19-07-2021,28.5,77.5,28.47
20-07-2021,28.5,77.5,28.28
21-07-2021,28.5,77.5,28.52
22-07-2021,28.5,77.5,29.67
23-07-2021,28.5,77.5,29.43
24-07-2021,28.5,77.5,30.56
25-07-2021,28.5,77.5,31.31
26-07-2021,28.5,77.5,29.14
27-07-2021,28.5,77.5,29.39
28-07-2021,28.5,77.5,28.03
29-07-2021,28.5,77.5,28.19
30-07-2021,28.5,77.5,28.48
31-07-2021,28.5,77.5,28.85
01-08-2021,28.5,77.5,30.24
02-08-2021,28.5,77.5,29.21
03-08-2021,28.5,77.5,28.9
04-08-2021,28.5,77.5,28.51
05-08-2021,28.5,77.5,28.87
06-08-2021,28.5,77.5,29.1
07-08-2021,28.5,77.5,27.05
08-08-2021,28.5,77.5,29.42
09-08-2021,28.5,77.5,28.86
10-08-2021,28.5,77.5,29.63
11-08-2021,28.5,77.5,29
12-08-2021,28.5,77.5,29.01
13-08-2021,28.5,77.5,29.54
14-08-2021,28.5,77.5,29.78
15-08-2021,28.5,77.5,29.76
16-08-2021,28.5,77.5,29.91
17-08-2021,28.5,77.5,30.26
18-08-2021,28.5,77.5,29.63
19-08-2021,28.5,77.5,29.68
20-08-2021,28.5,77.5,26.92
21-08-2021,28.5,77.5,27.49
22-08-2021,28.5,77.5,28.43
23-08-2021,28.5,77.5,29.08
24-08-2021,28.5,77.5,28.67
25-08-2021,28.5,77.5,28.49
26-08-2021,28.5,77.5,28.58
27-08-2021,28.5,77.5,29.69
28-08-2021,28.5,77.5,29.18
29-08-2021,28.5,77.5,28.81
30-08-2021,28.5,77.5,27.74
31-08-2021,28.5,77.5,26.81
01-09-2021,28.5,77.5,26.64
02-09-2021,28.5,77.5,26.57
03-09-2021,28.5,77.5,27.1
04-09-2021,28.5,77.5,27.71
05-09-2021,28.5,77.5,28.59
06-09-2021,28.5,77.5,28.94
07-09-2021,28.5,77.5,28.53
08-09-2021,28.5,77.5,27.75
09-09-2021,28.5,77.5,27.6
10-09-2021,28.5,77.5,27.11
11-09-2021,28.5,77.5,26.53
12-09-2021,28.5,77.5,26.6
13-09-2021,28.5,77.5,27.52
14-09-2021,28.5,77.5,27.67
15-09-2021,28.5,77.5,27.14
16-09-2021,28.5,77.5,26.47
17-09-2021,28.5,77.5,25.95
18-09-2021,28.5,77.5,26.86
19-09-2021,28.5,77.5,27.72
20-09-2021,28.5,77.5,28.15
21-09-2021,28.5,77.5,28.05
22-09-2021,28.5,77.5,26.61
23-09-2021,28.5,77.5,25.67
24-09-2021,28.5,77.5,26.58
25-09-2021,28.5,77.5,27.39
26-09-2021,28.5,77.5,26.99
27-09-2021,28.5,77.5,27.3
28-09-2021,28.5,77.5,27.09
29-09-2021,28.5,77.5,26.67
30-09-2021,28.5,77.5,27.37
01-10-2021,28.5,77.5,28.28
02-10-2021,28.5,77.5,28.53
03-10-2021,28.5,77.5,28.18
04-10-2021,28.5,77.5,28.81
05-10-2021,28.5,77.5,27.6
06-10-2021,28.5,77.5,27.07
07-10-2021,28.5,77.5,25.84
08-10-2021,28.5,77.5,25.93
09-10-2021,28.5,77.5,25.68
10-10-2021,28.5,77.5,26.63
11-10-2021,28.5,77.5,26.62
12-10-2021,28.5,77.5,25.73
13-10-2021,28.5,77.5,23.86
14-10-2021,28.5,77.5,23.17
15-10-2021,28.5,77.5,25.64
16-10-2021,28.5,77.5,26.46
17-10-2021,28.5,77.5,25.63
18-10-2021,28.5,77.5,22.13
19-10-2021,28.5,77.5,22.85
20-10-2021,28.5,77.5,22.35
21-10-2021,28.5,77.5,21.38
22-10-2021,28.5,77.5,22.45
23-10-2021,28.5,77.5,22.59
24-10-2021,28.5,77.5,22.61
25-10-2021,28.5,77.5,21.66
26-10-2021,28.5,77.5,20.37
27-10-2021,28.5,77.5,19.39
28-10-2021,28.5,77.5,19.81
29-10-2021,28.5,77.5,21.45
30-10-2021,28.5,77.5,19.19
31-10-2021,28.5,77.5,20.03
01-11-2021,28.5,77.5,19.49
02-11-2021,28.5,77.5,18.56
03-11-2021,28.5,77.5,19.36
04-11-2021,28.5,77.5,19.59
05-11-2021,28.5,77.5,19.76
06-11-2021,28.5,77.5,18.05
07-11-2021,28.5,77.5,19.08
08-11-2021,28.5,77.5,18.69
09-11-2021,28.5,77.5,19.06
10-11-2021,28.5,77.5,19.68
11-11-2021,28.5,77.5,19.85
12-11-2021,28.5,77.5,18.92
13-11-2021,28.5,77.5,17.19
14-11-2021,28.5,77.5,17.43
15-11-2021,28.5,77.5,16.82
16-11-2021,28.5,77.5,15.67
17-11-2021,28.5,77.5,16.69
18-11-2021,28.5,77.5,17.34
19-11-2021,28.5,77.5,17.47
20-11-2021,28.5,77.5,15.08
21-11-2021,28.5,77.5,16.12
22-11-2021,28.5,77.5,15.58
23-11-2021,28.5,77.5,16.14
24-11-2021,28.5,77.5,16.08
25-11-2021,28.5,77.5,16.44
26-11-2021,28.5,77.5,17.1
27-11-2021,28.5,77.5,15.52
28-11-2021,28.5,77.5,17.1
29-11-2021,28.5,77.5,16.42
30-11-2021,28.5,77.5,16.12
01-12-2021,28.5,77.5,14.81
02-12-2021,28.5,77.5,14.34
03-12-2021,28.5,77.5,15.72
04-12-2021,28.5,77.5,18.05
05-12-2021,28.5,77.5,17.94
06-12-2021,28.5,77.5,17.28
07-12-2021,28.5,77.5,14.76
08-12-2021,28.5,77.5,14.8
09-12-2021,28.5,77.5,15.66
10-12-2021,28.5,77.5,14.46
11-12-2021,28.5,77.5,14.47
12-12-2021,28.5,77.5,14.87
13-12-2021,28.5,77.5,11.77
14-12-2021,28.5,77.5,13.49
15-12-2021,28.5,77.5,13.2
16-12-2021,28.5,77.5,12.44
17-12-2021,28.5,77.5,10.01
18-12-2021,28.5,77.5,8.6
19-12-2021,28.5,77.5,8.07
20-12-2021,28.5,77.5,9.78
21-12-2021,28.5,77.5,12.48
22-12-2021,28.5,77.5,13.2
23-12-2021,28.5,77.5,13.14
24-12-2021,28.5,77.5,13.41
25-12-2021,28.5,77.5,14.23
26-12-2021,28.5,77.5,13.61
27-12-2021,28.5,77.5,14.99
28-12-2021,28.5,77.5,13.85
29-12-2021,28.5,77.5,12.96
30-12-2021,28.5,77.5,10.98
31-12-2021,28.5,77.5,10.78
01-01-2022,28.5,77.5,12.15
02-01-2022,28.5,77.5,12.78
03-01-2022,28.5,77.5,13.44
04-01-2022,28.5,77.5,15.64
05-01-2022,28.5,77.5,13.32
06-01-2022,28.5,77.5,13.44
07-01-2022,28.5,77.5,14.48
08-01-2022,28.5,77.5,15.06
09-01-2022,28.5,77.5,14.3
10-01-2022,28.5,77.5,11.13
11-01-2022,28.5,77.5,10.31
12-01-2022,28.5,77.5,10.62
13-01-2022,28.5,77.5,11.99
14-01-2022,28.5,77.5,11.41
15-01-2022,28.5,77.5,10.56
16-01-2022,28.5,77.5,11.15
17-01-2022,28.5,77.5,10.84
18-01-2022,28.5,77.5,10.33
19-01-2022,28.5,77.5,10.18
20-01-2022,28.5,77.5,12.47
21-01-2022,28.5,77.5,13.34
22-01-2022,28.5,77.5,10.86
23-01-2022,28.5,77.5,11.55
24-01-2022,28.5,77.5,10.79
25-01-2022,28.5,77.5,10.33
26-01-2022,28.5,77.5,9.84
27-01-2022,28.5,77.5,10.14
28-01-2022,28.5,77.5,10.26
29-01-2022,28.5,77.5,11.43
30-01-2022,28.5,77.5,12.49
31-01-2022,28.5,77.5,14.75
01-02-2022,28.5,77.5,14.24
02-02-2022,28.5,77.5,13.05
03-02-2022,28.5,77.5,12.45
04-02-2022,28.5,77.5,11.25
05-02-2022,28.5,77.5,11.69
06-02-2022,28.5,77.5,13.08
07-02-2022,28.5,77.5,14.34
08-02-2022,28.5,77.5,16.07
09-02-2022,28.5,77.5,13.75
10-02-2022,28.5,77.5,12.93
11-02-2022,28.5,77.5,12.24
12-02-2022,28.5,77.5,13.35
13-02-2022,28.5,77.5,15.41
14-02-2022,28.5,77.5,15.48
15-02-2022,28.5,77.5,16.2
16-02-2022,28.5,77.5,16.83
17-02-2022,28.5,77.5,16.25
18-02-2022,28.5,77.5,16.78
19-02-2022,28.5,77.5,16.02
20-02-2022,28.5,77.5,15.12
21-02-2022,28.5,77.5,16.25
22-02-2022,28.5,77.5,17.03
23-02-2022,28.5,77.5,16.42
24-02-2022,28.5,77.5,17.75
25-02-2022,28.5,77.5,18.99
26-02-2022,28.5,77.5,16.99
27-02-2022,28.5,77.5,17.2
28-02-2022,28.5,77.5,16.21
01-03-2022,28.5,77.5,17.66
02-03-2022,28.5,77.5,18.97
03-03-2022,28.5,77.5,20.16
04-03-2022,28.5,77.5,19.12
05-03-2022,28.5,77.5,18.31
06-03-2022,28.5,77.5,19.58
07-03-2022,28.5,77.5,20.52
08-03-2022,28.5,77.5,21.4
09-03-2022,28.5,77.5,21.67
10-03-2022,28.5,77.5,21.67
11-03-2022,28.5,77.5,21.74
12-03-2022,28.5,77.5,21.73
13-03-2022,28.5,77.5,24.66
14-03-2022,28.5,77.5,25.7
15-03-2022,28.5,77.5,26.71
16-03-2022,28.5,77.5,26.2
17-03-2022,28.5,77.5,26.1
18-03-2022,28.5,77.5,27.38
19-03-2022,28.5,77.5,28.37
20-03-2022,28.5,77.5,29.05
21-03-2022,28.5,77.5,28.07
22-03-2022,28.5,77.5,26.86
23-03-2022,28.5,77.5,27.66
24-03-2022,28.5,77.5,27.53
25-03-2022,28.5,77.5,26.72
26-03-2022,28.5,77.5,25.96
27-03-2022,28.5,77.5,27.64
28-03-2022,28.5,77.5,29.29
29-03-2022,28.5,77.5,29.52
30-03-2022,28.5,77.5,30.09
31-03-2022,28.5,77.5,29.88
01-04-2022,28.5,77.5,28.84
02-04-2022,28.5,77.5,29.3
03-04-2022,28.5,77.5,29.76
04-04-2022,28.5,77.5,30.02
05-04-2022,28.5,77.5,29.71
06-04-2022,28.5,77.5,30.87
07-04-2022,28.5,77.5,31.83
08-04-2022,28.5,77.5,32.98
09-04-2022,28.5,77.5,33.91
10-04-2022,28.5,77.5,32.88
11-04-2022,28.5,77.5,34.06
12-04-2022,28.5,77.5,34.07
13-04-2022,28.5,77.5,32.56
14-04-2022,28.5,77.5,32.11
15-04-2022,28.5,77.5,31.62
16-04-2022,28.5,77.5,32.28
17-04-2022,28.5,77.5,32.25
18-04-2022,28.5,77.5,34
19-04-2022,28.5,77.5,35.23
20-04-2022,28.5,77.5,34.61
21-04-2022,28.5,77.5,30.59
22-04-2022,28.5,77.5,31.71
23-04-2022,28.5,77.5,32.36
24-04-2022,28.5,77.5,32.77
25-04-2022,28.5,77.5,33.71
26-04-2022,28.5,77.5,34.82
27-04-2022,28.5,77.5,34.61
28-04-2022,28.5,77.5,36.03
29-04-2022,28.5,77.5,36.52
30-04-2022,28.5,77.5,36.95
01-05-2022,28.5,77.5,35.43
02-05-2022,28.5,77.5,35.4
03-05-2022,28.5,77.5,34.72
04-05-2022,28.5,77.5,35.23
05-05-2022,28.5,77.5,32.5
06-05-2022,28.5,77.5,33.93
07-05-2022,28.5,77.5,34.53
08-05-2022,28.5,77.5,35.02
09-05-2022,28.5,77.5,34.58
10-05-2022,28.5,77.5,35.13
11-05-2022,28.5,77.5,35.96
12-05-2022,28.5,77.5,37.27
13-05-2022,28.5,77.5,37.65
14-05-2022,28.5,77.5,38.23
15-05-2022,28.5,77.5,37.89
16-05-2022,28.5,77.5,37.37
17-05-2022,28.5,77.5,36.15
18-05-2022,28.5,77.5,36.36
19-05-2022,28.5,77.5,37.47
20-05-2022,28.5,77.5,38.75
21-05-2022,28.5,77.5,35.8
22-05-2022,28.5,77.5,34.56
23-05-2022,28.5,77.5,31.15
24-05-2022,28.5,77.5,28.68
25-05-2022,28.5,77.5,30.41
26-05-2022,28.5,77.5,32.07
27-05-2022,28.5,77.5,34.04
28-05-2022,28.5,77.5,36.72
29-05-2022,28.5,77.5,34.64
30-05-2022,28.5,77.5,33.93
31-05-2022,28.5,77.5,33.67
01-06-2022,28.5,77.5,35.96
02-06-2022,28.5,77.5,36.06
03-06-2022,28.5,77.5,36.37
04-06-2022,28.5,77.5,36.8
05-06-2022,28.5,77.5,37.04
06-06-2022,28.5,77.5,37.5
07-06-2022,28.5,77.5,37.79
08-06-2022,28.5,77.5,37.05
09-06-2022,28.5,77.5,38.1
10-06-2022,28.5,77.5,37.83
11-06-2022,28.5,77.5,38.18
12-06-2022,28.5,77.5,38.44
13-06-2022,28.5,77.5,39.33
14-06-2022,28.5,77.5,38.16
15-06-2022,28.5,77.5,38.67
16-06-2022,28.5,77.5,37.78
17-06-2022,28.5,77.5,33.64
18-06-2022,28.5,77.5,31.57
19-06-2022,28.5,77.5,31.01
20-06-2022,28.5,77.5,32.74
21-06-2022,28.5,77.5,32.66
22-06-2022,28.5,77.5,33.75
23-06-2022,28.5,77.5,33.46
24-06-2022,28.5,77.5,33.24
25-06-2022,28.5,77.5,34.68
26-06-2022,28.5,77.5,35.37
27-06-2022,28.5,77.5,36.4
28-06-2022,28.5,77.5,37.84
29-06-2022,28.5,77.5,38.36
30-06-2022,28.5,77.5,30.97
01-07-2022,28.5,77.5,30.79
02-07-2022,28.5,77.5,32.3
03-07-2022,28.5,77.5,33.75
04-07-2022,28.5,77.5,34.53
05-07-2022,28.5,77.5,33.66
06-07-2022,28.5,77.5,34.57
07-07-2022,28.5,77.5,35.2
08-07-2022,28.5,77.5,36.16
09-07-2022,28.5,77.5,32.89
10-07-2022,28.5,77.5,32.35
11-07-2022,28.5,77.5,34.47
12-07-2022,28.5,77.5,33.32
13-07-2022,28.5,77.5,34.47
14-07-2022,28.5,77.5,34.35
15-07-2022,28.5,77.5,35
16-07-2022,28.5,77.5,33.12
17-07-2022,28.5,77.5,34.61
18-07-2022,28.5,77.5,35.56
19-07-2022,28.5,77.5,35.77
20-07-2022,28.5,77.5,32.27
21-07-2022,28.5,77.5,29.13
22-07-2022,28.5,77.5,31.17
23-07-2022,28.5,77.5,30.8
24-07-2022,28.5,77.5,30.8
25-07-2022,28.5,77.5,31.23
26-07-2022,28.5,77.5,30.62
27-07-2022,28.5,77.5,30.64
28-07-2022,28.5,77.5,29.7
29-07-2022,28.5,77.5,29.5
30-07-2022,28.5,77.5,29.62
31-07-2022,28.5,77.5,30.18
01-08-2022,28.5,77.5,29.86
02-08-2022,28.5,77.5,31.43
03-08-2022,28.5,77.5,31.91
04-08-2022,28.5,77.5,30.62
05-08-2022,28.5,77.5,30.23
06-08-2022,28.5,77.5,31.27
07-08-2022,28.5,77.5,28.84
08-08-2022,28.5,77.5,31.04
09-08-2022,28.5,77.5,31.63
10-08-2022,28.5,77.5,32.87
11-08-2022,28.5,77.5,30.11
12-08-2022,28.5,77.5,31.38
13-08-2022,28.5,77.5,31.8
14-08-2022,28.5,77.5,31.25
15-08-2022,28.5,77.5,29.16
16-08-2022,28.5,77.5,29.98
17-08-2022,28.5,77.5,30.54
18-08-2022,28.5,77.5,31.77
19-08-2022,28.5,77.5,31.6
20-08-2022,28.5,77.5,30.25
21-08-2022,28.5,77.5,31.2
22-08-2022,28.5,77.5,32.14
23-08-2022,28.5,77.5,31.06
24-08-2022,28.5,77.5,30.26
25-08-2022,28.5,77.5,31.33
26-08-2022,28.5,77.5,31.39
27-08-2022,28.5,77.5,31.51
28-08-2022,28.5,77.5,31.76
29-08-2022,28.5,77.5,31.79
30-08-2022,28.5,77.5,31.12
31-08-2022,28.5,77.5,32.82
01-09-2022,28.5,77.5,33.06
02-09-2022,28.5,77.5,32.32
03-09-2022,28.5,77.5,32.29
04-09-2022,28.5,77.5,33.12
05-09-2022,28.5,77.5,32.43
06-09-2022,28.5,77.5,32.52
07-09-2022,28.5,77.5,32.84
08-09-2022,28.5,77.5,32.13
09-09-2022,28.5,77.5,32.52
10-09-2022,28.5,77.5,31.58
11-09-2022,28.5,77.5,31.67
12-09-2022,28.5,77.5,31.25
13-09-2022,28.5,77.5,31.07
14-09-2022,28.5,77.5,29.87
15-09-2022,28.5,77.5,27.75
16-09-2022,28.5,77.5,26.96
17-09-2022,28.5,77.5,29.02
18-09-2022,28.5,77.5,29.32
19-09-2022,28.5,77.5,29.2
20-09-2022,28.5,77.5,29.6
21-09-2022,28.5,77.5,28.74
22-09-2022,28.5,77.5,27.68
23-09-2022,28.5,77.5,26.94
24-09-2022,28.5,77.5,26.32
25-09-2022,28.5,77.5,27.25
26-09-2022,28.5,77.5,26.52
27-09-2022,28.5,77.5,26.55
28-09-2022,28.5,77.5,27.18
29-09-2022,28.5,77.5,26.93
30-09-2022,28.5,77.5,26.49
01-10-2022,28.5,77.5,26.85
02-10-2022,28.5,77.5,26.28
03-10-2022,28.5,77.5,25.04
04-10-2022,28.5,77.5,26.22
05-10-2022,28.5,77.5,27.65
06-10-2022,28.5,77.5,25.75
07-10-2022,28.5,77.5,24.71
08-10-2022,28.5,77.5,24.6
09-10-2022,28.5,77.5,24.15
10-10-2022,28.5,77.5,24.5
11-10-2022,28.5,77.5,24.94
12-10-2022,28.5,77.5,24.09
13-10-2022,28.5,77.5,22.83
14-10-2022,28.5,77.5,22.22
15-10-2022,28.5,77.5,23.33
16-10-2022,28.5,77.5,24.21
17-10-2022,28.5,77.5,23.28
18-10-2022,28.5,77.5,23.44
19-10-2022,28.5,77.5,22.77
20-10-2022,28.5,77.5,22.7
21-10-2022,28.5,77.5,23.26
22-10-2022,28.5,77.5,22.24
23-10-2022,28.5,77.5,21.91
24-10-2022,28.5,77.5,21.03
25-10-2022,28.5,77.5,20.74
26-10-2022,28.5,77.5,22.09
27-10-2022,28.5,77.5,22.4
28-10-2022,28.5,77.5,21.98
29-10-2022,28.5,77.5,22.41
30-10-2022,28.5,77.5,21.59
31-10-2022,28.5,77.5,21.64
01-11-2022,28.5,77.5,21.38
02-11-2022,28.5,77.5,21.47
03-11-2022,28.5,77.5,21.2
04-11-2022,28.5,77.5,21.73
05-11-2022,28.5,77.5,20.5
06-11-2022,28.5,77.5,21.3
07-11-2022,28.5,77.5,22.41
08-11-2022,28.5,77.5,20.92
09-11-2022,28.5,77.5,21.43
10-11-2022,28.5,77.5,21.16
11-11-2022,28.5,77.5,18.5
12-11-2022,28.5,77.5,17.99
13-11-2022,28.5,77.5,18.45
14-11-2022,28.5,77.5,19.06
15-11-2022,28.5,77.5,19.16
16-11-2022,28.5,77.5,18
17-11-2022,28.5,77.5,16.44
18-11-2022,28.5,77.5,16.49
19-11-2022,28.5,77.5,16.82
20-11-2022,28.5,77.5,16.15
21-11-2022,28.5,77.5,16.4
22-11-2022,28.5,77.5,15.99
23-11-2022,28.5,77.5,15.54
24-11-2022,28.5,77.5,16.42
25-11-2022,28.5,77.5,17.31
26-11-2022,28.5,77.5,15.76
27-11-2022,28.5,77.5,16.13
28-11-2022,28.5,77.5,17.05
29-11-2022,28.5,77.5,17.26
30-11-2022,28.5,77.5,16.42
01-12-2022,28.5,77.5,16.42
02-12-2022,28.5,77.5,17.49
03-12-2022,28.5,77.5,17.39
04-12-2022,28.5,77.5,16.67
05-12-2022,28.5,77.5,15.57
06-12-2022,28.5,77.5,14
07-12-2022,28.5,77.5,13.56
08-12-2022,28.5,77.5,14.21
09-12-2022,28.5,77.5,16.09
10-12-2022,28.5,77.5,16.56
11-12-2022,28.5,77.5,16.66
12-12-2022,28.5,77.5,16.45
13-12-2022,28.5,77.5,16.07
14-12-2022,28.5,77.5,14.37
15-12-2022,28.5,77.5,13.24
16-12-2022,28.5,77.5,14.14
17-12-2022,28.5,77.5,14.69
18-12-2022,28.5,77.5,14.48
19-12-2022,28.5,77.5,14.11
20-12-2022,28.5,77.5,13.47
21-12-2022,28.5,77.5,13.39
22-12-2022,28.5,77.5,12.6
23-12-2022,28.5,77.5,13.02
24-12-2022,28.5,77.5,11.84
25-12-2022,28.5,77.5,10.11
26-12-2022,28.5,77.5,11.23
27-12-2022,28.5,77.5,11.67
28-12-2022,28.5,77.5,12.54
29-12-2022,28.5,77.5,14.02
30-12-2022,28.5,77.5,14.9
31-12-2022,28.5,77.5,12.67
01-01-2023,28.5,77.5,12.9
02-01-2023,28.5,77.5,12.26
03-01-2023,28.5,77.5,9.98
04-01-2023,28.5,77.5,8.57
05-01-2023,28.5,77.5,8.75
06-01-2023,28.5,77.5,8.74
07-01-2023,28.5,77.5,9.69
08-01-2023,28.5,77.5,12.35
09-01-2023,28.5,77.5,13.14
10-01-2023,28.5,77.5,12.82
11-01-2023,28.5,77.5,13.51
12-01-2023,28.5,77.5,13.82
13-01-2023,28.5,77.5,16.43
14-01-2023,28.5,77.5,12.35
15-01-2023,28.5,77.5,7.77
16-01-2023,28.5,77.5,8.92
17-01-2023,28.5,77.5,8.98
18-01-2023,28.5,77.5,9.25
19-01-2023,28.5,77.5,11.7
20-01-2023,28.5,77.5,13.01
21-01-2023,28.5,77.5,14.18
22-01-2023,28.5,77.5,15.17
23-01-2023,28.5,77.5,16.07
24-01-2023,28.5,77.5,15.89
25-01-2023,28.5,77.5,16.17
26-01-2023,28.5,77.5,14.78
27-01-2023,28.5,77.5,11.84
28-01-2023,28.5,77.5,13.1
29-01-2023,28.5,77.5,14.95
30-01-2023,28.5,77.5,13.12
31-01-2023,28.5,77.5,14.2
01-02-2023,28.5,77.5,13.03
02-02-2023,28.5,77.5,14.1
03-02-2023,28.5,77.5,15.01
04-02-2023,28.5,77.5,16.33
05-02-2023,28.5,77.5,17.03
06-02-2023,28.5,77.5,18.89
07-02-2023,28.5,77.5,17.33
08-02-2023,28.5,77.5,15.54
09-02-2023,28.5,77.5,17.4
10-02-2023,28.5,77.5,18.28
11-02-2023,28.5,77.5,18.34
12-02-2023,28.5,77.5,15.02
13-02-2023,28.5,77.5,14.46
14-02-2023,28.5,77.5,16.48
15-02-2023,28.5,77.5,18.5
16-02-2023,28.5,77.5,19.38
17-02-2023,28.5,77.5,21.16
18-02-2023,28.5,77.5,21.1
19-02-2023,28.5,77.5,22.42
20-02-2023,28.5,77.5,22.51
21-02-2023,28.5,77.5,20.51
22-02-2023,28.5,77.5,20.45
23-02-2023,28.5,77.5,19.66
24-02-2023,28.5,77.5,19.93
25-02-2023,28.5,77.5,21.51
26-02-2023,28.5,77.5,23.46
27-02-2023,28.5,77.5,23.2
28-02-2023,28.5,77.5,22.43
01-03-2023,28.5,77.5,22.61
02-03-2023,28.5,77.5,23.1
03-03-2023,28.5,77.5,23.72
04-03-2023,28.5,77.5,22.69
05-03-2023,28.5,77.5,22.69
06-03-2023,28.5,77.5,22.67
07-03-2023,28.5,77.5,23.2
08-03-2023,28.5,77.5,24.22
09-03-2023,28.5,77.5,23.56
10-03-2023,28.5,77.5,23.32
11-03-2023,28.5,77.5,24.21
12-03-2023,28.5,77.5,25.53
13-03-2023,28.5,77.5,24.72
14-03-2023,28.5,77.5,25.13
15-03-2023,28.5,77.5,26.49
16-03-2023,28.5,77.5,25.37
17-03-2023,28.5,77.5,24.25
18-03-2023,28.5,77.5,21.62
19-03-2023,28.5,77.5,23.36
20-03-2023,28.5,77.5,20.68
21-03-2023,28.5,77.5,20.28
22-03-2023,28.5,77.5,21.96
23-03-2023,28.5,77.5,23.38
24-03-2023,28.5,77.5,24.32
25-03-2023,28.5,77.5,23.57
26-03-2023,28.5,77.5,24.1
27-03-2023,28.5,77.5,22.77
28-03-2023,28.5,77.5,23.61
29-03-2023,28.5,77.5,26.11
30-03-2023,28.5,77.5,25.95
31-03-2023,28.5,77.5,21.15
01-04-2023,28.5,77.5,22.84
02-04-2023,28.5,77.5,24.2
03-04-2023,28.5,77.5,26.08
04-04-2023,28.5,77.5,24.87
05-04-2023,28.5,77.5,24.94
06-04-2023,28.5,77.5,25.28
07-04-2023,28.5,77.5,25.12
08-04-2023,28.5,77.5,24.95
09-04-2023,28.5,77.5,26.06
10-04-2023,28.5,77.5,26.28
11-04-2023,28.5,77.5,27.73
12-04-2023,28.5,77.5,29.67
13-04-2023,28.5,77.5,29.32
14-04-2023,28.5,77.5,30.25
15-04-2023,28.5,77.5,31.56
16-04-2023,28.5,77.5,32.03
17-04-2023,28.5,77.5,32.95
18-04-2023,28.5,77.5,32.3
19-04-2023,28.5,77.5,30.95
20-04-2023,28.5,77.5,30.07
21-04-2023,28.5,77.5,28.83
22-04-2023,28.5,77.5,28.12
23-04-2023,28.5,77.5,25.39
24-04-2023,28.5,77.5,26.77
25-04-2023,28.5,77.5,27.75
26-04-2023,28.5,77.5,29.53
27-04-2023,28.5,77.5,28.14
28-04-2023,28.5,77.5,28.32
29-04-2023,28.5,77.5,27.53
30-04-2023,28.5,77.5,25.92
01-05-2023,28.5,77.5,22.81
02-05-2023,28.5,77.5,23.67
03-05-2023,28.5,77.5,25.5
04-05-2023,28.5,77.5,27.78
05-05-2023,28.5,77.5,27.85
06-05-2023,28.5,77.5,29.67
07-05-2023,28.5,77.5,31.39
08-05-2023,28.5,77.5,31.34
09-05-2023,28.5,77.5,28.92
10-05-2023,28.5,77.5,28.78
11-05-2023,28.5,77.5,30.73
12-05-2023,28.5,77.5,31
13-05-2023,28.5,77.5,33
14-05-2023,28.5,77.5,34.06
15-05-2023,28.5,77.5,33.55
16-05-2023,28.5,77.5,33.41
17-05-2023,28.5,77.5,34.15
18-05-2023,28.5,77.5,31.87
19-05-2023,28.5,77.5,31.81
20-05-2023,28.5,77.5,32.92
21-05-2023,28.5,77.5,35.13
22-05-2023,28.5,77.5,35.86
23-05-2023,28.5,77.5,36.99
24-05-2023,28.5,77.5,34.53
25-05-2023,28.5,77.5,32.83
26-05-2023,28.5,77.5,29.28
27-05-2023,28.5,77.5,30.39
28-05-2023,28.5,77.5,29.96
29-05-2023,28.5,77.5,30.75
30-05-2023,28.5,77.5,30.95
31-05-2023,28.5,77.5,28.78
01-06-2023,28.5,77.5,29.85
02-06-2023,28.5,77.5,30.62
03-06-2023,28.5,77.5,31.11
04-06-2023,28.5,77.5,28.31
05-06-2023,28.5,77.5,32.41
06-06-2023,28.5,77.5,33.34
07-06-2023,28.5,77.5,33.67
08-06-2023,28.5,77.5,34.33
09-06-2023,28.5,77.5,35.76
10-06-2023,28.5,77.5,36.9
11-06-2023,28.5,77.5,36.48
12-06-2023,28.5,77.5,36.84
13-06-2023,28.5,77.5,38.15
14-06-2023,28.5,77.5,37.41
15-06-2023,28.5,77.5,35.85
16-06-2023,28.5,77.5,35.69
17-06-2023,28.5,77.5,35.92
18-06-2023,28.5,77.5,34.84
19-06-2023,28.5,77.5,34.09
20-06-2023,28.5,77.5,33.85
21-06-2023,28.5,77.5,33.7
22-06-2023,28.5,77.5,34.97
23-06-2023,28.5,77.5,35.7
24-06-2023,28.5,77.5,33.25
25-06-2023,28.5,77.5,30.18
26-06-2023,28.5,77.5,31.51
27-06-2023,28.5,77.5,31.99
28-06-2023,28.5,77.5,32.08
29-06-2023,28.5,77.5,31.34
30-06-2023,28.5,77.5,30.53
01-07-2023,28.5,77.5,30.63
02-07-2023,28.5,77.5,32.32
03-07-2023,28.5,77.5,33.95
04-07-2023,28.5,77.5,34.74
05-07-2023,28.5,77.5,32.83
06-07-2023,28.5,77.5,29.63
07-07-2023,28.5,77.5,30.36
08-07-2023,28.5,77.5,29.26
09-07-2023,28.5,77.5,29.71
10-07-2023,28.5,77.5,30.42
11-07-2023,28.5,77.5,30.64
12-07-2023,28.5,77.5,30.4
13-07-2023,28.5,77.5,29.91
14-07-2023,28.5,77.5,29.44
15-07-2023,28.5,77.5,29.23
16-07-2023,28.5,77.5,30.7
17-07-2023,28.5,77.5,31.66
18-07-2023,28.5,77.5,29.79
19-07-2023,28.5,77.5,29.57
20-07-2023,28.5,77.5,31.64
21-07-2023,28.5,77.5,31.28
22-07-2023,28.5,77.5,30.22
23-07-2023,28.5,77.5,30.04
24-07-2023,28.5,77.5,30.43
25-07-2023,28.5,77.5,30.3
26-07-2023,28.5,77.5,30.28
27-07-2023,28.5,77.5,29.08
28-07-2023,28.5,77.5,28.54
29-07-2023,28.5,77.5,29.03
30-07-2023,28.5,77.5,29.48
31-07-2023,28.5,77.5,30.09
01-08-2023,28.5,77.5,30.44
02-08-2023,28.5,77.5,30.3
03-08-2023,28.5,77.5,30.04
04-08-2023,28.5,77.5,29.47
05-08-2023,28.5,77.5,29.14
06-08-2023,28.5,77.5,29.54
07-08-2023,28.5,77.5,29.09
08-08-2023,28.5,77.5,29.18
09-08-2023,28.5,77.5,29.4
10-08-2023,28.5,77.5,29.41
11-08-2023,28.5,77.5,29.61
12-08-2023,28.5,77.5,29.26
13-08-2023,28.5,77.5,29.14
14-08-2023,28.5,77.5,27.32
15-08-2023,28.5,77.5,29
16-08-2023,28.5,77.5,29.69
17-08-2023,28.5,77.5,30.09
18-08-2023,28.5,77.5,30.16
19-08-2023,28.5,77.5,29.79
20-08-2023,28.5,77.5,30.75
21-08-2023,28.5,77.5,30.84
22-08-2023,28.5,77.5,29.98
23-08-2023,28.5,77.5,28.24
24-08-2023,28.5,77.5,28.21
25-08-2023,28.5,77.5,28.5
26-08-2023,28.5,77.5,28.9
27-08-2023,28.5,77.5,28.74
28-08-2023,28.5,77.5,29.43
29-08-2023,28.5,77.5,29.29
30-08-2023,28.5,77.5,29.1
31-08-2023,28.5,77.5,29.34
01-09-2023,28.5,77.5,29.48
02-09-2023,28.5,77.5,28.86
03-09-2023,28.5,77.5,28.73
04-09-2023,28.5,77.5,29.01
05-09-2023,28.5,77.5,29.8
06-09-2023,28.5,77.5,30.11
07-09-2023,28.5,77.5,30.38
08-09-2023,28.5,77.5,29.12
09-09-2023,28.5,77.5,27.89
10-09-2023,28.5,77.5,27.04
11-09-2023,28.5,77.5,27.48
12-09-2023,28.5,77.5,28.31
13-09-2023,28.5,77.5,29.06
14-09-2023,28.5,77.5,29.45
15-09-2023,28.5,77.5,28.93
16-09-2023,28.5,77.5,26.82
17-09-2023,28.5,77.5,26.98
18-09-2023,28.5,77.5,27.24
19-09-2023,28.5,77.5,28.35
20-09-2023,28.5,77.5,29.3
21-09-2023,28.5,77.5,29.58
22-09-2023,28.5,77.5,29.17
23-09-2023,28.5,77.5,28.81
24-09-2023,28.5,77.5,28.26
25-09-2023,28.5,77.5,28.61
26-09-2023,28.5,77.5,27.77
27-09-2023,28.5,77.5,26.75
28-09-2023,28.5,77.5,25.73
29-09-2023,28.5,77.5,25.83
30-09-2023,28.5,77.5,26.26
01-10-2023,28.5,77.5,25.55
02-10-2023,28.5,77.5,25.44
03-10-2023,28.5,77.5,24.21
04-10-2023,28.5,77.5,24.48
05-10-2023,28.5,77.5,25.43
06-10-2023,28.5,77.5,25.17
07-10-2023,28.5,77.5,26.32
08-10-2023,28.5,77.5,27.71
09-10-2023,28.5,77.5,28.38
10-10-2023,28.5,77.5,27.98
11-10-2023,28.5,77.5,25.97
12-10-2023,28.5,77.5,25.37
13-10-2023,28.5,77.5,26.34
14-10-2023,28.5,77.5,27.22
15-10-2023,28.5,77.5,26.61
16-10-2023,28.5,77.5,23.96
17-10-2023,28.5,77.5,23.67
18-10-2023,28.5,77.5,22.55
19-10-2023,28.5,77.5,22.6
20-10-2023,28.5,77.5,22.74
21-10-2023,28.5,77.5,22.61
22-10-2023,28.5,77.5,23.49
23-10-2023,28.5,77.5,23.12
24-10-2023,28.5,77.5,23.67
25-10-2023,28.5,77.5,23.59
26-10-2023,28.5,77.5,23.14
27-10-2023,28.5,77.5,23.26
28-10-2023,28.5,77.5,24.05
29-10-2023,28.5,77.5,24.41
30-10-2023,28.5,77.5,24.15
31-10-2023,28.5,77.5,24.23
01-11-2023,28.5,77.5,25.21
02-11-2023,28.5,77.5,23.52
03-11-2023,28.5,77.5,23.21
04-11-2023,28.5,77.5,23.43
05-11-2023,28.5,77.5,22.91
06-11-2023,28.5,77.5,22.99
07-11-2023,28.5,77.5,22.76
08-11-2023,28.5,77.5,22.62
09-11-2023,28.5,77.5,23.5
10-11-2023,28.5,77.5,21.76
11-11-2023,28.5,77.5,19.86
12-11-2023,28.5,77.5,19.69
13-11-2023,28.5,77.5,19.56
14-11-2023,28.5,77.5,19.23
15-11-2023,28.5,77.5,18.79
16-11-2023,28.5,77.5,20.29
17-11-2023,28.5,77.5,20.89
18-11-2023,28.5,77.5,20.1
19-11-2023,28.5,77.5,19.81
20-11-2023,28.5,77.5,19.73
21-11-2023,28.5,77.5,18.79
22-11-2023,28.5,77.5,17.72
23-11-2023,28.5,77.5,19.14
24-11-2023,28.5,77.5,18.96
25-11-2023,28.5,77.5,19.05
26-11-2023,28.5,77.5,18.74
27-11-2023,28.5,77.5,17.36
28-11-2023,28.5,77.5,18.6
29-11-2023,28.5,77.5,18.52
30-11-2023,28.5,77.5,19.59
01-12-2023,28.5,77.5,20.56
02-12-2023,28.5,77.5,18.99
03-12-2023,28.5,77.5,18.8
04-12-2023,28.5,77.5,19.11
05-12-2023,28.5,77.5,18.09
06-12-2023,28.5,77.5,18.16
07-12-2023,28.5,77.5,18.32
08-12-2023,28.5,77.5,17.01
09-12-2023,28.5,77.5,16.11
10-12-2023,28.5,77.5,15.25
11-12-2023,28.5,77.5,15.48
12-12-2023,28.5,77.5,15.92
13-12-2023,28.5,77.5,15.54
14-12-2023,28.5,77.5,14.26
15-12-2023,28.5,77.5,16.05
16-12-2023,28.5,77.5,15.46
17-12-2023,28.5,77.5,14.65
18-12-2023,28.5,77.5,13.86
19-12-2023,28.5,77.5,13.17
20-12-2023,28.5,77.5,12.97
21-12-2023,28.5,77.5,13.14
22-12-2023,28.5,77.5,14.89
23-12-2023,28.5,77.5,16.27
24-12-2023,28.5,77.5,16.72
25-12-2023,28.5,77.5,15.17
26-12-2023,28.5,77.5,15.28
27-12-2023,28.5,77.5,15.23
28-12-2023,28.5,77.5,14.45
29-12-2023,28.5,77.5,15.35
30-12-2023,28.5,77.5,14.8
31-12-2023,28.5,77.5,13.8
01-01-2024,28.5,77.5,12.19
02-01-2024,28.5,77.5,12.34
03-01-2024,28.5,77.5,13.09
04-01-2024,28.5,77.5,11.26
05-01-2024,28.5,77.5,11.51
06-01-2024,28.5,77.5,11.67
07-01-2024,28.5,77.5,11.21
08-01-2024,28.5,77.5,13.99
09-01-2024,28.5,77.5,13.13
10-01-2024,28.5,77.5,11.66
11-01-2024,28.5,77.5,10.61
12-01-2024,28.5,77.5,11.2
13-01-2024,28.5,77.5,12.81
14-01-2024,28.5,77.5,11.84
15-01-2024,28.5,77.5,11.46
16-01-2024,28.5,77.5,12.15
17-01-2024,28.5,77.5,12
18-01-2024,28.5,77.5,12.41
19-01-2024,28.5,77.5,12.52
20-01-2024,28.5,77.5,12.29
21-01-2024,28.5,77.5,11.12
22-01-2024,28.5,77.5,11.83
23-01-2024,28.5,77.5,13.07
24-01-2024,28.5,77.5,12.49
25-01-2024,28.5,77.5,12.77
26-01-2024,28.5,77.5,14.99
27-01-2024,28.5,77.5,14.78
28-01-2024,28.5,77.5,14.25
29-01-2024,28.5,77.5,15.37
30-01-2024,28.5,77.5,16.16
31-01-2024,28.5,77.5,16.08
01-02-2024,28.5,77.5,14.26
02-02-2024,28.5,77.5,13.83
03-02-2024,28.5,77.5,15.72
04-02-2024,28.5,77.5,15.03
05-02-2024,28.5,77.5,15.45
06-02-2024,28.5,77.5,12.68
07-02-2024,28.5,77.5,12.76
08-02-2024,28.5,77.5,12.51
09-02-2024,28.5,77.5,14.35
10-02-2024,28.5,77.5,15.69
11-02-2024,28.5,77.5,15.07
12-02-2024,28.5,77.5,16.91
13-02-2024,28.5,77.5,17.65
14-02-2024,28.5,77.5,16.78
15-02-2024,28.5,77.5,16.76
16-02-2024,28.5,77.5,16.74
17-02-2024,28.5,77.5,17.34
18-02-2024,28.5,77.5,19.55
19-02-2024,28.5,77.5,19.88
20-02-2024,28.5,77.5,20.6
21-02-2024,28.5,77.5,17.72
22-02-2024,28.5,77.5,17.08
23-02-2024,28.5,77.5,15.79
24-02-2024,28.5,77.5,17.01
25-02-2024,28.5,77.5,17.31
26-02-2024,28.5,77.5,18.28
27-02-2024,28.5,77.5,17.51
28-02-2024,28.5,77.5,18.15
29-02-2024,28.5,77.5,18.77
01-03-2024,28.5,77.5,22.17
02-03-2024,28.5,77.5,20.11
03-03-2024,28.5,77.5,18.56
04-03-2024,28.5,77.5,15.19
05-03-2024,28.5,77.5,14.65
06-03-2024,28.5,77.5,15.48
07-03-2024,28.5,77.5,17.8
08-03-2024,28.5,77.5,18.99
09-03-2024,28.5,77.5,18.67
10-03-2024,28.5,77.5,19.97
11-03-2024,28.5,77.5,22.55
12-03-2024,28.5,77.5,23.13
13-03-2024,28.5,77.5,23.08
14-03-2024,28.5,77.5,22.51
15-03-2024,28.5,77.5,21.98
16-03-2024,28.5,77.5,20.45
17-03-2024,28.5,77.5,21.4
18-03-2024,28.5,77.5,22.64
19-03-2024,28.5,77.5,23.29
20-03-2024,28.5,77.5,25.53
21-03-2024,28.5,77.5,21.9
22-03-2024,28.5,77.5,24.74
23-03-2024,28.5,77.5,26.75
24-03-2024,28.5,77.5,24.62
25-03-2024,28.5,77.5,25.92
26-03-2024,28.5,77.5,27.34
27-03-2024,28.5,77.5,30.05
28-03-2024,28.5,77.5,30.98
29-03-2024,28.5,77.5,31.17
30-03-2024,28.5,77.5,29.96
31-03-2024,28.5,77.5,28.6
01-04-2024,28.5,77.5,26.08
02-04-2024,28.5,77.5,26.81
03-04-2024,28.5,77.5,29.08
04-04-2024,28.5,77.5,29.96
05-04-2024,28.5,77.5,28.79
06-04-2024,28.5,77.5,27.68
07-04-2024,28.5,77.5,27.9
08-04-2024,28.5,77.5,29.41
09-04-2024,28.5,77.5,29.36
10-04-2024,28.5,77.5,30.48
11-04-2024,28.5,77.5,31.24
12-04-2024,28.5,77.5,32.24
13-04-2024,28.5,77.5,31.84
14-04-2024,28.5,77.5,30.38
15-04-2024,28.5,77.5,29.51
16-04-2024,28.5,77.5,30.15
17-04-2024,28.5,77.5,29.82
18-04-2024,28.5,77.5,31.08
19-04-2024,28.5,77.5,32.13
20-04-2024,28.5,77.5,30.83
21-04-2024,28.5,77.5,31.4
22-04-2024,28.5,77.5,31.99
23-04-2024,28.5,77.5,32.37
24-04-2024,28.5,77.5,31.17
25-04-2024,28.5,77.5,32.36
26-04-2024,28.5,77.5,33.79
27-04-2024,28.5,77.5,33.55
28-04-2024,28.5,77.5,32.18
29-04-2024,28.5,77.5,33.26
30-04-2024,28.5,77.5,30.33
01-05-2024,28.5,77.5,27.77
02-05-2024,28.5,77.5,28.64
03-05-2024,28.5,77.5,31.32
04-05-2024,28.5,77.5,33.94
05-05-2024,28.5,77.5,34.47
06-05-2024,28.5,77.5,34.93
07-05-2024,28.5,77.5,35.9
08-05-2024,28.5,77.5,35.02
09-05-2024,28.5,77.5,33.19
10-05-2024,28.5,77.5,34.37
11-05-2024,28.5,77.5,34.35
12-05-2024,28.5,77.5,34.88
13-05-2024,28.5,77.5,34.96
14-05-2024,28.5,77.5,34.47
15-05-2024,28.5,77.5,35.3
16-05-2024,28.5,77.5,36.64
17-05-2024,28.5,77.5,38.49
18-05-2024,28.5,77.5,38.45
19-05-2024,28.5,77.5,38.84
20-05-2024,28.5,77.5,39.07
21-05-2024,28.5,77.5,37.88
22-05-2024,28.5,77.5,37.36
23-05-2024,28.5,77.5,36.76
24-05-2024,28.5,77.5,36.74
25-05-2024,28.5,77.5,38.26
26-05-2024,28.5,77.5,39.23
27-05-2024,28.5,77.5,39.37
28-05-2024,28.5,77.5,40.32
29-05-2024,28.5,77.5,39.82
30-05-2024,28.5,77.5,39.49
31-05-2024,28.5,77.5,39.45
01-06-2024,28.5,77.5,38.63
02-06-2024,28.5,77.5,38.73
03-06-2024,28.5,77.5,39.2
04-06-2024,28.5,77.5,39.51
05-06-2024,28.5,77.5,38.81
06-06-2024,28.5,77.5,37.27
07-06-2024,28.5,77.5,37.43
08-06-2024,28.5,77.5,37.64
09-06-2024,28.5,77.5,37.28
10-06-2024,28.5,77.5,37.63
11-06-2024,28.5,77.5,38.21
12-06-2024,28.5,77.5,39.09
13-06-2024,28.5,77.5,39.48
14-06-2024,28.5,77.5,39.82
15-06-2024,28.5,77.5,40.23
16-06-2024,28.5,77.5,40.28
17-06-2024,28.5,77.5,41.15
18-06-2024,28.5,77.5,41.23
19-06-2024,28.5,77.5,40.97
20-06-2024,28.5,77.5,38.99
21-06-2024,28.5,77.5,36.94
22-06-2024,28.5,77.5,37.05
23-06-2024,28.5,77.5,38.13
24-06-2024,28.5,77.5,35.09
25-06-2024,28.5,77.5,36.02
26-06-2024,28.5,77.5,36.06
27-06-2024,28.5,77.5,32.06
28-06-2024,28.5,77.5,31.85
29-06-2024,28.5,77.5,32.83
30-06-2024,28.5,77.5,33.33
01-07-2024,28.5,77.5,33.18
02-07-2024,28.5,77.5,33.78
03-07-2024,28.5,77.5,30.67
04-07-2024,28.5,77.5,28.55
05-07-2024,28.5,77.5,31.32
06-07-2024,28.5,77.5,29.85
07-07-2024,28.5,77.5,30.08
08-07-2024,28.5,77.5,30.69
09-07-2024,28.5,77.5,30.22
10-07-2024,28.5,77.5,32.47
11-07-2024,28.5,77.5,33.28
12-07-2024,28.5,77.5,33.58
13-07-2024,28.5,77.5,31.54
14-07-2024,28.5,77.5,32.44
15-07-2024,28.5,77.5,32.3
16-07-2024,28.5,77.5,32.53
17-07-2024,28.5,77.5,32.47
18-07-2024,28.5,77.5,32.3
19-07-2024,28.5,77.5,31.87
20-07-2024,28.5,77.5,32.13
21-07-2024,28.5,77.5,33.17
22-07-2024,28.5,77.5,32.43
23-07-2024,28.5,77.5,32.15
24-07-2024,28.5,77.5,29.89
25-07-2024,28.5,77.5,31.07
26-07-2024,28.5,77.5,31.09
27-07-2024,28.5,77.5,30.71
28-07-2024,28.5,77.5,31.95
29-07-2024,28.5,77.5,31.85
30-07-2024,28.5,77.5,32.47
31-07-2024,28.5,77.5,31.78
01-08-2024,28.5,77.5,28.8
02-08-2024,28.5,77.5,29.08
03-08-2024,28.5,77.5,29.1
04-08-2024,28.5,77.5,29.18
05-08-2024,28.5,77.5,29.17
06-08-2024,28.5,77.5,28.67
07-08-2024,28.5,77.5,27.1
08-08-2024,28.5,77.5,28.22
09-08-2024,28.5,77.5,28.26
10-08-2024,28.5,77.5,28.99
11-08-2024,28.5,77.5,28.22
12-08-2024,28.5,77.5,28.35
13-08-2024,28.5,77.5,28.34
14-08-2024,28.5,77.5,28.44
15-08-2024,28.5,77.5,28.95
16-08-2024,28.5,77.5,28.83
17-08-2024,28.5,77.5,29.18
18-08-2024,28.5,77.5,29.51
19-08-2024,28.5,77.5,29.09
20-08-2024,28.5,77.5,28.75
21-08-2024,28.5,77.5,29.34
22-08-2024,28.5,77.5,29.87
23-08-2024,28.5,77.5,28.56
24-08-2024,28.5,77.5,29.31
25-08-2024,28.5,77.5,28.75
26-08-2024,28.5,77.5,28.34
27-08-2024,28.5,77.5,28.21
28-08-2024,28.5,77.5,28.07
29-08-2024,28.5,77.5,27.75
30-08-2024,28.5,77.5,28.75
31-08-2024,28.5,77.5,29.17
01-09-2024,28.5,77.5,29.91
02-09-2024,28.5,77.5,27.22
03-09-2024,28.5,77.5,29.25
04-09-2024,28.5,77.5,28.4
05-09-2024,28.5,77.5,28.44
06-09-2024,28.5,77.5,27.31
07-09-2024,28.5,77.5,28.01
08-09-2024,28.5,77.5,28.99
09-09-2024,28.5,77.5,28.69
10-09-2024,28.5,77.5,30
11-09-2024,28.5,77.5,28.44
12-09-2024,28.5,77.5,27.35
13-09-2024,28.5,77.5,27.54
14-09-2024,28.5,77.5,27.08
15-09-2024,28.5,77.5,26.87
16-09-2024,28.5,77.5,26.51
17-09-2024,28.5,77.5,27.04
18-09-2024,28.5,77.5,26.05
19-09-2024,28.5,77.5,27.14
20-09-2024,28.5,77.5,27.8
21-09-2024,28.5,77.5,28.37
22-09-2024,28.5,77.5,29.22
23-09-2024,28.5,77.5,29.32
24-09-2024,28.5,77.5,30.37
25-09-2024,28.5,77.5,28.54
26-09-2024,28.5,77.5,27.38
27-09-2024,28.5,77.5,26.73
28-09-2024,28.5,77.5,26.14
29-09-2024,28.5,77.5,28.16
30-09-2024,28.5,77.5,27.27
01-10-2024,28.5,77.5,27.23
02-10-2024,28.5,77.5,27.21
03-10-2024,28.5,77.5,26.92
04-10-2024,28.5,77.5,26.56
05-10-2024,28.5,77.5,27.28
06-10-2024,28.5,77.5,26.54
07-10-2024,28.5,77.5,26.26
08-10-2024,28.5,77.5,26.64
09-10-2024,28.5,77.5,26.25
10-10-2024,28.5,77.5,25.34
11-10-2024,28.5,77.5,24.17
12-10-2024,28.5,77.5,24.43
13-10-2024,28.5,77.5,24.45
14-10-2024,28.5,77.5,25.38
15-10-2024,28.5,77.5,24.78
16-10-2024,28.5,77.5,24.55
17-10-2024,28.5,77.5,24.79
18-10-2024,28.5,77.5,25.25
19-10-2024,28.5,77.5,25.18
20-10-2024,28.5,77.5,25.16
21-10-2024,28.5,77.5,24.92
22-10-2024,28.5,77.5,24.93
23-10-2024,28.5,77.5,24.6
24-10-2024,28.5,77.5,24.33
25-10-2024,28.5,77.5,24.85
26-10-2024,28.5,77.5,24.5
27-10-2024,28.5,77.5,24.14
28-10-2024,28.5,77.5,24.25
29-10-2024,28.5,77.5,25.41
30-10-2024,28.5,77.5,26.67
31-10-2024,28.5,77.5,25.63
01-11-2024,28.5,77.5,24.15
02-11-2024,28.5,77.5,23.87
03-11-2024,28.5,77.5,23.81
04-11-2024,28.5,77.5,22.93
05-11-2024,28.5,77.5,22.69
06-11-2024,28.5,77.5,22.81
07-11-2024,28.5,77.5,22.78
08-11-2024,28.5,77.5,23.16
09-11-2024,28.5,77.5,23.17
10-11-2024,28.5,77.5,23.65
11-11-2024,28.5,77.5,23.76
12-11-2024,28.5,77.5,23.21
13-11-2024,28.5,77.5,22.04
14-11-2024,28.5,77.5,22.31
15-11-2024,28.5,77.5,22.05
16-11-2024,28.5,77.5,21.45
17-11-2024,28.5,77.5,21.13
18-11-2024,28.5,77.5,19.08
19-11-2024,28.5,77.5,18.59
20-11-2024,28.5,77.5,18.65
21-11-2024,28.5,77.5,18.98
22-11-2024,28.5,77.5,18.87
23-11-2024,28.5,77.5,18.68
24-11-2024,28.5,77.5,19.16
25-11-2024,28.5,77.5,17.93
26-11-2024,28.5,77.5,17.53
27-11-2024,28.5,77.5,17.98
28-11-2024,28.5,77.5,18.53
29-11-2024,28.5,77.5,18.3
30-11-2024,28.5,77.5,17.7
01-12-2024,28.5,77.5,17.19
02-12-2024,28.5,77.5,19.09
03-12-2024,28.5,77.5,19.33
04-12-2024,28.5,77.5,18.25
05-12-2024,28.5,77.5,16.13
06-12-2024,28.5,77.5,16.31
07-12-2024,28.5,77.5,16.12
08-12-2024,28.5,77.5,14.81
09-12-2024,28.5,77.5,13.93
10-12-2024,28.5,77.5,12.7
11-12-2024,28.5,77.5,12.36
12-12-2024,28.5,77.5,11.45
13-12-2024,28.5,77.5,12.23
14-12-2024,28.5,77.5,11.82
15-12-2024,28.5,77.5,12.42
16-12-2024,28.5,77.5,13.8
17-12-2024,28.5,77.5,15.19
18-12-2024,28.5,77.5,13.99
19-12-2024,28.5,77.5,13.91
20-12-2024,28.5,77.5,14.24
21-12-2024,28.5,77.5,14.06
22-12-2024,28.5,77.5,15.63
23-12-2024,28.5,77.5,13.26
24-12-2024,28.5,77.5,15.63
25-12-2024,28.5,77.5,15.14
26-12-2024,28.5,77.5,16.27
27-12-2024,28.5,77.5,17.27
28-12-2024,28.5,77.5,15.2
29-12-2024,28.5,77.5,14.42
30-12-2024,28.5,77.5,12.35
31-12-2024,28.5,77.5,11.62
01-01-2025,28.5,77.5,12.22
02-01-2025,28.5,77.5,13.24
03-01-2025,28.5,77.5,14.55
04-01-2025,28.5,77.5,15.22
05-01-2025,28.5,77.5,14.42
06-01-2025,28.5,77.5,14.03
07-01-2025,28.5,77.5,12.53
08-01-2025,28.5,77.5,11.72
09-01-2025,28.5,77.5,13.72
10-01-2025,28.5,77.5,13.74
11-01-2025,28.5,77.5,12.18
12-01-2025,28.5,77.5,12.42
13-01-2025,28.5,77.5,13.3
14-01-2025,28.5,77.5,13.24
15-01-2025,28.5,77.5,13.74
16-01-2025,28.5,77.5,13.22
17-01-2025,28.5,77.5,12.46
18-01-2025,28.5,77.5,13.15
19-01-2025,28.5,77.5,16.1
20-01-2025,28.5,77.5,15.84
21-01-2025,28.5,77.5,15.73
22-01-2025,28.5,77.5,16.37
23-01-2025,28.5,77.5,16.68
24-01-2025,28.5,77.5,14.34
25-01-2025,28.5,77.5,13.83
26-01-2025,28.5,77.5,13.03
27-01-2025,28.5,77.5,12.61
28-01-2025,28.5,77.5,14.52
29-01-2025,28.5,77.5,15.14
30-01-2025,28.5,77.5,15.7
31-01-2025,28.5,77.5,16.72
01-02-2025,28.5,77.5,17.76
02-02-2025,28.5,77.5,16.86
03-02-2025,28.5,77.5,17.31
04-02-2025,28.5,77.5,18.36
05-02-2025,28.5,77.5,15.06
06-02-2025,28.5,77.5,14.44
07-02-2025,28.5,77.5,14.4
08-02-2025,28.5,77.5,15.54
09-02-2025,28.5,77.5,17.53
10-02-2025,28.5,77.5,19.01
11-02-2025,28.5,77.5,19.49
12-02-2025,28.5,77.5,18.17
13-02-2025,28.5,77.5,16.98
14-02-2025,28.5,77.5,17.23
15-02-2025,28.5,77.5,18.74
16-02-2025,28.5,77.5,18.73
17-02-2025,28.5,77.5,20.86
18-02-2025,28.5,77.5,20.42
19-02-2025,28.5,77.5,20.55
20-02-2025,28.5,77.5,20.54
21-02-2025,28.5,77.5,19.68
22-02-2025,28.5,77.5,17.79
23-02-2025,28.5,77.5,18.57
24-02-2025,28.5,77.5,19
25-02-2025,28.5,77.5,20.52
26-02-2025,28.5,77.5,21.59
27-02-2025,28.5,77.5,20.7
28-02-2025,28.5,77.5,19.3
01-03-2025,28.5,77.5,20.62
02-03-2025,28.5,77.5,20.6
03-03-2025,28.5,77.5,20.77
04-03-2025,28.5,77.5,20.32
05-03-2025,28.5,77.5,17.4
06-03-2025,28.5,77.5,18.08
07-03-2025,28.5,77.5,19.71
08-03-2025,28.5,77.5,21.37
09-03-2025,28.5,77.5,23.17
10-03-2025,28.5,77.5,23.86
11-03-2025,28.5,77.5,24.95
12-03-2025,28.5,77.5,25.54
13-03-2025,28.5,77.5,27.48
14-03-2025,28.5,77.5,27.97
15-03-2025,28.5,77.5,26.17
16-03-2025,28.5,77.5,24.39
17-03-2025,28.5,77.5,23.08
18-03-2025,28.5,77.5,23.01
19-03-2025,28.5,77.5,24.59
20-03-2025,28.5,77.5,25.13
21-03-2025,28.5,77.5,24.86
22-03-2025,28.5,77.5,24.69
23-03-2025,28.5,77.5,25.11
24-03-2025,28.5,77.5,26.4
25-03-2025,28.5,77.5,27.38
26-03-2025,28.5,77.5,30.47
27-03-2025,28.5,77.5,29.66
28-03-2025,28.5,77.5,26.13
29-03-2025,28.5,77.5,22.34
30-03-2025,28.5,77.5,24.53
31-03-2025,28.5,77.5,25.55
01-04-2025,28.5,77.5,25.98
02-04-2025,28.5,77.5,28.07
03-04-2025,28.5,77.5,29.69
04-04-2025,28.5,77.5,29.37
05-04-2025,28.5,77.5,28.32
06-04-2025,28.5,77.5,30.31
07-04-2025,28.5,77.5,31.6
08-04-2025,28.5,77.5,31.5
09-04-2025,28.5,77.5,32.23
10-04-2025,28.5,77.5,32.64
11-04-2025,28.5,77.5,31.09
12-04-2025,28.5,77.5,29.21
13-04-2025,28.5,77.5,30.67
14-04-2025,28.5,77.5,30.47
15-04-2025,28.5,77.5,30.98
16-04-2025,28.5,77.5,32.04
17-04-2025,28.5,77.5,33.11
18-04-2025,28.5,77.5,33.37
19-04-2025,28.5,77.5,33.11
20-04-2025,28.5,77.5,33.06
21-04-2025,28.5,77.5,33.41
22-04-2025,28.5,77.5,31.49
23-04-2025,28.5,77.5,31.97
24-04-2025,28.5,77.5,33.22
25-04-2025,28.5,77.5,33.22
26-04-2025,28.5,77.5,34.22
27-04-2025,28.5,77.5,33.14
28-04-2025,28.5,77.5,32.68
29-04-2025,28.5,77.5,30.9
30-04-2025,28.5,77.5,31.55
01-05-2025,28.5,77.5,31.98
02-05-2025,28.5,77.5,28.81
03-05-2025,28.5,77.5,28.57
04-05-2025,28.5,77.5,29.66
05-05-2025,28.5,77.5,29.2
06-05-2025,28.5,77.5,29.33
07-05-2025,28.5,77.5,31.04
08-05-2025,28.5,77.5,31.12
09-05-2025,28.5,77.5,31.33
10-05-2025,28.5,77.5,32.01
11-05-2025,28.5,77.5,33.3
12-05-2025,28.5,77.5,34
13-05-2025,28.5,77.5,34.08
14-05-2025,28.5,77.5,33.9
15-05-2025,28.5,77.5,35.04
16-05-2025,28.5,77.5,36.41
17-05-2025,28.5,77.5,35.78
18-05-2025,28.5,77.5,35.87
19-05-2025,28.5,77.5,35.48
20-05-2025,28.5,77.5,36.28
21-05-2025,28.5,77.5,36.9
22-05-2025,28.5,77.5,31.36
23-05-2025,28.5,77.5,32.68
24-05-2025,28.5,77.5,33.54
25-05-2025,28.5,77.5,30.6
26-05-2025,28.5,77.5,31.97
27-05-2025,28.5,77.5,32.94
28-05-2025,28.5,77.5,33.92
29-05-2025,28.5,77.5,34.71
30-05-2025,28.5,77.5,34.38
31-05-2025,28.5,77.5,34.29
01-06-2025,28.5,77.5,32.98
02-06-2025,28.5,77.5,31.39
03-06-2025,28.5,77.5,30.76
04-06-2025,28.5,77.5,30.8
05-06-2025,28.5,77.5,32.28
06-06-2025,28.5,77.5,33.28
07-06-2025,28.5,77.5,34.66
08-06-2025,28.5,77.5,36.93
09-06-2025,28.5,77.5,37.85
10-06-2025,28.5,77.5,37.75
11-06-2025,28.5,77.5,37.93
12-06-2025,28.5,77.5,37.77
13-06-2025,28.5,77.5,37.99
14-06-2025,28.5,77.5,36.81
15-06-2025,28.5,77.5,35.63
16-06-2025,28.5,77.5,33.25
17-06-2025,28.5,77.5,32.52
18-06-2025,28.5,77.5,29.89
19-06-2025,28.5,77.5,32.24
20-06-2025,28.5,77.5,33.21
21-06-2025,28.5,77.5,34.39
22-06-2025,28.5,77.5,34.88
23-06-2025,28.5,77.5,34.15
24-06-2025,28.5,77.5,34.02
25-06-2025,28.5,77.5,34.03
26-06-2025,28.5,77.5,34.08
27-06-2025,28.5,77.5,34.7
28-06-2025,28.5,77.5,33.5
29-06-2025,28.5,77.5,32.06
30-06-2025,28.5,77.5,27.98
01-07-2025,28.5,77.5,30.61
02-07-2025,28.5,77.5,31.8
03-07-2025,28.5,77.5,32.16
04-07-2025,28.5,77.5,31.73
05-07-2025,28.5,77.5,32.46
06-07-2025,28.5,77.5,31.16
07-07-2025,28.5,77.5,32.05
08-07-2025,28.5,77.5,31.84
09-07-2025,28.5,77.5,30.84
10-07-2025,28.5,77.5,28.07
11-07-2025,28.5,77.5,30.23
12-07-2025,28.5,77.5,31.18
13-07-2025,28.5,77.5,29.16
14-07-2025,28.5,77.5,28.8
15-07-2025,28.5,77.5,29
16-07-2025,28.5,77.5,28.18
17-07-2025,28.5,77.5,28.82
18-07-2025,28.5,77.5,28.83
19-07-2025,28.5,77.5,29.38
20-07-2025,28.5,77.5,31.04
21-07-2025,28.5,77.5,30.02
22-07-2025,28.5,77.5,29.39
23-07-2025,28.5,77.5,29.87
24-07-2025,28.5,77.5,31.09
25-07-2025,28.5,77.5,31.91
26-07-2025,28.5,77.5,32.27
27-07-2025,28.5,77.5,31.35
28-07-2025,28.5,77.5,29.46
29-07-2025,28.5,77.5,28.56
30-07-2025,28.5,77.5,29.34
31-07-2025,28.5,77.5,29.14
01-08-2025,28.5,77.5,29.74
02-08-2025,28.5,77.5,29.59
03-08-2025,28.5,77.5,29.19
04-08-2025,28.5,77.5,29.26
05-08-2025,28.5,77.5,28.34
06-08-2025,28.5,77.5,28.43
07-08-2025,28.5,77.5,29.14
08-08-2025,28.5,77.5,29.74
09-08-2025,28.5,77.5,28.42
10-08-2025,28.5,77.5,29.06
11-08-2025,28.5,77.5,29.49
12-08-2025,28.5,77.5,29.18
13-08-2025,28.5,77.5,29.01
14-08-2025,28.5,77.5,27.34
15-08-2025,28.5,77.5,27.92
16-08-2025,28.5,77.5,28.38
17-08-2025,28.5,77.5,29.06
18-08-2025,28.5,77.5,28.01
19-08-2025,28.5,77.5,28.77
20-08-2025,28.5,77.5,28.55
21-08-2025,28.5,77.5,28.94
22-08-2025,28.5,77.5,29.52
23-08-2025,28.5,77.5,28.47
24-08-2025,28.5,77.5,28.29
25-08-2025,28.5,77.5,27.19
26-08-2025,28.5,77.5,27.86
27-08-2025,28.5,77.5,28.73
28-08-2025,28.5,77.5,28.75
29-08-2025,28.5,77.5,27.16
30-08-2025,28.5,77.5,27.84
31-08-2025,28.5,77.5,27.23
01-09-2025,28.5,77.5,26.64
02-09-2025,28.5,77.5,26.68
03-09-2025,28.5,77.5,26.81
04-09-2025,28.5,77.5,27.73
05-09-2025,28.5,77.5,26.75
06-09-2025,28.5,77.5,27.6
07-09-2025,28.5,77.5,27.51
08-09-2025,28.5,77.5,27.41
09-09-2025,28.5,77.5,27.96
10-09-2025,28.5,77.5,27.33
11-09-2025,28.5,77.5,26.78
12-09-2025,28.5,77.5,27.69
13-09-2025,28.5,77.5,28.34
14-09-2025,28.5,77.5,28.41
15-09-2025,28.5,77.5,28.05
16-09-2025,28.5,77.5,28.57
17-09-2025,28.5,77.5,28.53
18-09-2025,28.5,77.5,28
19-09-2025,28.5,77.5,28.25
20-09-2025,28.5,77.5,27.57
21-09-2025,28.5,77.5,26.7
22-09-2025,28.5,77.5,25.97
23-09-2025,28.5,77.5,25.83
24-09-2025,28.5,77.5,26.04
25-09-2025,28.5,77.5,26.02
26-09-2025,28.5,77.5,26.34
27-09-2025,28.5,77.5,28.45
28-09-2025,28.5,77.5,28.25
29-09-2025,28.5,77.5,27.92
30-09-2025,28.5,77.5,26.35
01-10-2025,28.5,77.5,26.77
02-10-2025,28.5,77.5,26.28
03-10-2025,28.5,77.5,26.46
04-10-2025,28.5,77.5,26.97
05-10-2025,28.5,77.5,26.79
06-10-2025,28.5,77.5,24.99
07-10-2025,28.5,77.5,23.76
08-10-2025,28.5,77.5,22.14
09-10-2025,28.5,77.5,21.88
10-10-2025,28.5,77.5,22.21
11-10-2025,28.5,77.5,22.94
12-10-2025,28.5,77.5,23.53
13-10-2025,28.5,77.5,23.99
14-10-2025,28.5,77.5,23.6
15-10-2025,28.5,77.5,23.55
16-10-2025,28.5,77.5,23.23
17-10-2025,28.5,77.5,23.72
18-10-2025,28.5,77.5,23.69
19-10-2025,28.5,77.5,23.81
20-10-2025,28.5,77.5,24.01
21-10-2025,28.5,77.5,24.04
22-10-2025,28.5,77.5,24.85
23-10-2025,28.5,77.5,24.09
24-10-2025,28.5,77.5,23.5
25-10-2025,28.5,77.5,22.83
26-10-2025,28.5,77.5,23.09
27-10-2025,28.5,77.5,22.51
28-10-2025,28.5,77.5,20.95
29-10-2025,28.5,77.5,22.92
30-10-2025,28.5,77.5,23.02
31-10-2025,28.5,77.5,23.62
01-11-2025,28.5,77.5,23.21
02-11-2025,28.5,77.5,21.88
03-11-2025,28.5,77.5,21.41
04-11-2025,28.5,77.5,20.47
05-11-2025,28.5,77.5,21.47
06-11-2025,28.5,77.5,18.53
07-11-2025,28.5,77.5,17.23
08-11-2025,28.5,77.5,16.34
09-11-2025,28.5,77.5,16.75
10-11-2025,28.5,77.5,18.08
11-11-2025,28.5,77.5,17.64
12-11-2025,28.5,77.5,16.97
13-11-2025,28.5,77.5,16.77
14-11-2025,28.5,77.5,16.94
15-11-2025,28.5,77.5,17.13
16-11-2025,28.5,77.5,16.31
17-11-2025,28.5,77.5,16.85
18-11-2025,28.5,77.5,17.94
19-11-2025,28.5,77.5,18.32
20-11-2025,28.5,77.5,17.37
21-11-2025,28.5,77.5,17.59
22-11-2025,28.5,77.5,18.52
23-11-2025,28.5,77.5,18.51
24-11-2025,28.5,77.5,17.42
25-11-2025,28.5,77.5,15.89
26-11-2025,28.5,77.5,16.42
27-11-2025,28.5,77.5,17.79
28-11-2025,28.5,77.5,17.18
29-11-2025,28.5,77.5,16.68
30-11-2025,28.5,77.5,14.69
01-12-2025,28.5,77.5,15.52
02-12-2025,28.5,77.5,16.46
03-12-2025,28.5,77.5,14.32
04-12-2025,28.5,77.5,13.37
05-12-2025,28.5,77.5,13.62
06-12-2025,28.5,77.5,14.33
07-12-2025,28.5,77.5,14.68
08-12-2025,28.5,77.5,16.27
09-12-2025,28.5,77.5,14.67
10-12-2025,28.5,77.5,14.82
11-12-2025,28.5,77.5,15.94
12-12-2025,28.5,77.5,16.11
13-12-2025,28.5,77.5,16.52
14-12-2025,28.5,77.5,17.01
15-12-2025,28.5,77.5,16.32
16-12-2025,28.5,77.5,14.36
17-12-2025,28.5,77.5,14.9
18-12-2025,28.5,77.5,14.97
19-12-2025,28.5,77.5,15.45
20-12-2025,28.5,77.5,14.61
21-12-2025,28.5,77.5,13.95
22-12-2025,28.5,77.5,15.97
23-12-2025,28.5,77.5,16.15
24-12-2025,28.5,77.5,13.76
25-12-2025,28.5,77.5,14.21
26-12-2025,28.5,77.5,14.57
27-12-2025,28.5,77.5,13.95
28-12-2025,28.5,77.5,13.37
29-12-2025,28.5,77.5,14.25
30-12-2025,28.5,77.5,14.64
31-12-2025,28.5,77.5,13.62
